/*******************************************************************************
 * Size: 16 px
 * Bpp: 1
 * Opts: --font /home/dcz/codes/10-lvgl/lv_port_linux/NotoSansSC.otf --size 16 --bpp 1 --no-compress --format lvgl --range 0x20-0x7E,0xB0,0xB7,0x3001-0x3002,0x4E00,0x4E0A-0x4E0B,0x4E0D-0x4E0E,0x4E14,0x4E1A,0x4E22,0x4E24,0x4E2A,0x4E2D,0x4E32,0x4E3A-0x4E3B,0x4E45,0x4E49,0x4E5F,0x4E71,0x4E86,0x4E8B-0x4E8C,0x4E8E,0x4E91,0x4EAE,0x4EC5,0x4ED6,0x4EE4,0x4EF6,0x4EFB,0x4F20,0x4F4D,0x4F53,0x4F55,0x4F59,0x4F5C,0x4F60,0x4F8B,0x4FA7,0x4FDD,0x4FE1,0x503C,0x504F,0x50A8,0x5143,0x5145,0x5148-0x5149,0x514D,0x5165,0x5168,0x5173,0x5176-0x5177,0x5185,0x518C-0x518D,0x5199,0x51B2-0x51B3,0x51CF,0x51FA,0x5206,0x5212,0x5217,0x5219,0x521B,0x521D,0x5224,0x5230,0x5236-0x5237,0x523B,0x524D,0x5254,0x529F-0x52A1,0x52A8,0x52B2,0x52BF,0x5305,0x5316,0x533A,0x534F,0x5355,0x5360-0x5361,0x5367,0x5385-0x5386,0x539F,0x53BB,0x53C2,0x53CC-0x53CD,0x53D1,0x53D6-0x53D8,0x53E3,0x53EF-0x53F0,0x53F2-0x53F3,0x53F7,0x5404,0x5408,0x540C-0x540E,0x5411,0x5426,0x542B-0x542C,0x542F,0x544A,0x5468,0x547D,0x548C,0x54C8,0x5668,0x56DE,0x56F4,0x56FA,0x56FE,0x5728,0x5730,0x573A,0x5740,0x5757,0x578B,0x57DF,0x585E,0x586B,0x5883,0x58F0,0x5904,0x5907,0x590D,0x5916,0x591A,0x591C,0x591F,0x5927,0x5929,0x5931,0x5934,0x5957,0x597D,0x5982,0x59CB,0x5B50,0x5B57-0x5B58,0x5B8C,0x5B9A,0x5B9E,0x5BA2,0x5BA4,0x5BB9,0x5BF8-0x5BF9,0x5BFC,0x5C04,0x5C0F,0x5C11,0x5C14,0x5C1D,0x5C3A,0x5C3E,0x5C40,0x5D4C,0x5DE5-0x5DE6,0x5DF1-0x5DF2,0x5E03,0x5E0C,0x5E18,0x5E27,0x5E38,0x5E73,0x5E76,0x5E7F,0x5E8F,0x5E94-0x5E95,0x5EA6,0x5EFA,0x5F00,0x5F03,0x5F0F,0x5F15,0x5F3A,0x5F53,0x5F55,0x5F62,0x5F71,0x5F80,0x5FC3,0x5FC5,0x5FD7,0x6001,0x601D,0x6027,0x603B,0x606F,0x611F,0x6162,0x6210,0x6216,0x6237,0x6240-0x6241,0x6247,0x624B,0x627E,0x6298,0x62A5,0x62C6,0x62DF,0x62E9,0x6301-0x6302,0x6307,0x6309,0x6362,0x636E,0x6392,0x63A2,0x63A5,0x63A7,0x6447,0x64AD,0x652F,0x6536,0x6539,0x653E,0x6548,0x6570,0x6574,0x6587,0x65AD,0x65B0,0x65B9,0x65E0,0x65E5,0x65E7,0x65F6,0x660E,0x6620,0x662F,0x663E,0x666F,0x6682,0x66B4,0x66F4,0x6700,0x6709,0x670D,0x671F,0x672A-0x672C,0x673A,0x6761,0x677F,0x6784,0x6790,0x679C,0x67E5,0x67F1,0x6807,0x6821,0x6837-0x6838,0x683C,0x6863,0x68C0,0x6A21,0x6B21,0x6B62-0x6B65,0x6BB5,0x6BCF,0x6BD4,0x6BEB,0x6C38,0x6CA1,0x6CC4,0x6CD5,0x6CE2,0x6CE8,0x6D3B,0x6D41,0x6D4B,0x6D6E,0x6D88,0x6DFB,0x6E05,0x6E29,0x6E7F,0x6E90,0x6EA2,0x6ED1,0x6EE1,0x6F0F,0x6F14,0x706F,0x70B9,0x7167,0x7247-0x7248,0x72B6,0x72EC,0x73AF-0x73B0,0x7406,0x7528,0x7531,0x7535,0x754C,0x7559,0x767D,0x7684,0x76D1,0x76D6,0x76D8,0x76EE,0x76F4,0x771F-0x7720,0x7761,0x77E5,0x7801,0x7814,0x786E,0x793A,0x79BB,0x79D2,0x79FB,0x7A0B,0x7A7A,0x7A81,0x7A97,0x7AEF,0x7B26,0x7B2C,0x7B49,0x7B80,0x7BA1,0x7C7B,0x7C98,0x7CFB,0x7EA2,0x7EBF,0x7EC4,0x7ECF,0x7ED1,0x7ED3,0x7ED9,0x7EDC,0x7EDF,0x7EFF,0x7F13,0x7F16,0x7F51,0x7F6E,0x7F72,0x8017,0x804C,0x8054,0x80FD,0x81EA,0x8272,0x8282,0x82E5,0x8303,0x83B7,0x843D,0x84DD,0x884C,0x8868,0x88AB,0x8981,0x8986,0x89C1-0x89C2,0x89E3,0x89E6,0x8B66,0x8BA1,0x8BA4,0x8BAE,0x8BB0,0x8BBE,0x8BD5,0x8BF4,0x8BFB,0x8C03,0x8C61,0x8D1F,0x8D23,0x8D25,0x8D77,0x8D85,0x8D8A-0x8D8B,0x8DD1,0x8DEF,0x8DF3,0x8E22,0x8F6C,0x8F7B,0x8F91,0x8F93,0x8FBE,0x8FC7,0x8FD0,0x8FDB,0x8FDE,0x8FF7,0x9001,0x9009,0x9010,0x9014,0x901A,0x901F,0x903B,0x907F,0x90E8,0x91CC-0x91CD,0x91CF,0x949F,0x94AE,0x9519,0x952E,0x957F,0x95ED,0x95F2,0x95F4,0x9605,0x9632,0x963B,0x9650,0x9664,0x9694,0x96C6,0x9700,0x9759,0x975E,0x9762,0x97F3,0x9875,0x9879-0x987B,0x9884,0x9898,0x98CE,0x9910,0x9988,0x9996,0x9A71,0x9A8C,0x9AD8,0x9ED1,0x9ED8,0x9F50,0xFF08-0xFF09,0xFF0C,0xFF1A-0xFF1B -o /home/dcz/projects/smart-gateway-ai/ui/fonts/ui_font_Font1.c
 ******************************************************************************/

#ifdef LV_LVGL_H_INCLUDE_SIMPLE
#include "lvgl.h"
#else
#include "lvgl/lvgl.h"
#endif

#ifndef UI_FONT_FONT1
#define UI_FONT_FONT1 1
#endif

#if UI_FONT_FONT1

/*-----------------
 *    BITMAPS
 *----------------*/

/*Store the image of the glyphs*/
static LV_ATTRIBUTE_LARGE_CONST const uint8_t glyph_bitmap[] = {
    /* U+0020 " " */
    0x0,

    /* U+0021 "!" */
    0x55, 0x55, 0xf,

    /* U+0022 "\"" */
    0x99, 0x99,

    /* U+0023 "#" */
    0x14, 0x24, 0x24, 0x7f, 0x24, 0x24, 0x24, 0xfe,
    0x24, 0x28, 0x48, 0x48,

    /* U+0024 "$" */
    0x10, 0x47, 0xb1, 0x82, 0xc, 0x1c, 0x18, 0x30,
    0x41, 0x8d, 0xe1, 0x4,

    /* U+0025 "%" */
    0x70, 0x46, 0xc4, 0x22, 0x21, 0x12, 0x8, 0x97,
    0x6d, 0x6d, 0xca, 0x20, 0x91, 0x4, 0x88, 0x44,
    0x42, 0x36, 0x20, 0xe0,

    /* U+0026 "&" */
    0x18, 0x12, 0x9, 0x4, 0x82, 0x80, 0x81, 0xc3,
    0x93, 0x85, 0x41, 0xb0, 0xcf, 0x90,

    /* U+0027 "'" */
    0xf0,

    /* U+0028 "(" */
    0x29, 0x29, 0x24, 0x92, 0x44, 0x91,

    /* U+0029 ")" */
    0x89, 0x22, 0x49, 0x24, 0x94, 0x94,

    /* U+002A "*" */
    0x21, 0x3e, 0x65, 0x80,

    /* U+002B "+" */
    0x10, 0x10, 0x10, 0xff, 0x10, 0x10, 0x10, 0x10,

    /* U+002C "," */
    0x6c, 0xb4,

    /* U+002D "-" */
    0xf0,

    /* U+002E "." */
    0xf0,

    /* U+002F "/" */
    0x4, 0x10, 0x82, 0x8, 0x41, 0x4, 0x20, 0x82,
    0x10, 0x41, 0xc, 0x20,

    /* U+0030 "0" */
    0x38, 0x8b, 0x1c, 0x18, 0x30, 0x60, 0xc1, 0x83,
    0x89, 0x11, 0xc0,

    /* U+0031 "1" */
    0x31, 0xc1, 0x4, 0x10, 0x41, 0x4, 0x10, 0x41,
    0x3f,

    /* U+0032 "2" */
    0x79, 0x88, 0x8, 0x10, 0x20, 0xc1, 0x6, 0x18,
    0x61, 0x87, 0xf0,

    /* U+0033 "3" */
    0x79, 0x98, 0x10, 0x20, 0xc7, 0x1, 0x1, 0x2,
    0x7, 0x13, 0xc0,

    /* U+0034 "4" */
    0xc, 0xc, 0x1c, 0x14, 0x34, 0x24, 0x44, 0xc4,
    0xff, 0x4, 0x4, 0x4,

    /* U+0035 "5" */
    0x7e, 0x81, 0x2, 0x7, 0xc8, 0x80, 0x81, 0x2,
    0x7, 0x13, 0xc0,

    /* U+0036 "6" */
    0x3c, 0x81, 0x4, 0xb, 0xd8, 0xa0, 0xc1, 0x83,
    0x5, 0x11, 0xc0,

    /* U+0037 "7" */
    0xfe, 0x8, 0x10, 0x40, 0x81, 0x4, 0x8, 0x10,
    0x20, 0x40, 0x80,

    /* U+0038 "8" */
    0x3c, 0xcd, 0xa, 0x16, 0x27, 0x9b, 0x43, 0x83,
    0x7, 0x19, 0xe0,

    /* U+0039 "9" */
    0x78, 0x8a, 0xc, 0x18, 0x38, 0xde, 0x81, 0x2,
    0xa, 0x33, 0xc0,

    /* U+003A ":" */
    0xf0, 0x3, 0xc0,

    /* U+003B ";" */
    0xf0, 0x3, 0xde,

    /* U+003C "<" */
    0x1, 0x7, 0x38, 0xe0, 0xe0, 0x38, 0x7, 0x1,

    /* U+003D "=" */
    0xff, 0x0, 0x0, 0x0, 0xff,

    /* U+003E ">" */
    0x0, 0xe0, 0x38, 0x7, 0x7, 0x38, 0xe0, 0x0,

    /* U+003F "?" */
    0x7b, 0x10, 0x41, 0x8, 0x61, 0xc, 0x0, 0x3,
    0xc,

    /* U+0040 "@" */
    0x7, 0xc0, 0xc3, 0x8, 0x4, 0x80, 0x34, 0x38,
    0xc2, 0x46, 0x22, 0x31, 0x11, 0x88, 0x9c, 0x4c,
    0xb1, 0xb8, 0x80, 0x3, 0x0, 0x7, 0xc0,

    /* U+0041 "A" */
    0xc, 0x3, 0x1, 0x60, 0x58, 0x12, 0xc, 0xc2,
    0x30, 0xfc, 0x61, 0x90, 0x64, 0xb, 0x2,

    /* U+0042 "B" */
    0xfc, 0x86, 0x82, 0x82, 0x86, 0xfc, 0x82, 0x81,
    0x81, 0x81, 0x82, 0xfc,

    /* U+0043 "C" */
    0x1e, 0x63, 0x40, 0x80, 0x80, 0x80, 0x80, 0x80,
    0x80, 0x40, 0x63, 0x1e,

    /* U+0044 "D" */
    0xf8, 0x86, 0x82, 0x81, 0x81, 0x81, 0x81, 0x81,
    0x81, 0x82, 0x86, 0xf8,

    /* U+0045 "E" */
    0xfe, 0x8, 0x20, 0x83, 0xe8, 0x20, 0x82, 0x8,
    0x3f,

    /* U+0046 "F" */
    0xfe, 0x8, 0x20, 0x82, 0xf, 0xa0, 0x82, 0x8,
    0x20,

    /* U+0047 "G" */
    0x1f, 0x10, 0xd0, 0x10, 0x8, 0x4, 0x2, 0x1f,
    0x1, 0xc0, 0xa0, 0x48, 0x23, 0xe0,

    /* U+0048 "H" */
    0x81, 0x81, 0x81, 0x81, 0x81, 0xff, 0x81, 0x81,
    0x81, 0x81, 0x81, 0x81,

    /* U+0049 "I" */
    0xff, 0xf0,

    /* U+004A "J" */
    0x4, 0x10, 0x41, 0x4, 0x10, 0x41, 0x4, 0x1c,
    0xde,

    /* U+004B "K" */
    0x82, 0x84, 0x8c, 0x98, 0xb0, 0xf0, 0xd8, 0xcc,
    0x84, 0x86, 0x82, 0x83,

    /* U+004C "L" */
    0x82, 0x8, 0x20, 0x82, 0x8, 0x20, 0x82, 0x8,
    0x3f,

    /* U+004D "M" */
    0xc0, 0xf0, 0x3e, 0x1e, 0x85, 0xa1, 0x6c, 0xd9,
    0x26, 0x49, 0x8c, 0x63, 0x18, 0xc6, 0x1,

    /* U+004E "N" */
    0x81, 0xc1, 0xe1, 0xa1, 0xb1, 0x91, 0x89, 0x8d,
    0x85, 0x87, 0x83, 0x81,

    /* U+004F "O" */
    0x1e, 0x18, 0x64, 0xa, 0x1, 0x80, 0x60, 0x18,
    0x6, 0x1, 0x80, 0x50, 0x26, 0x10, 0x78,

    /* U+0050 "P" */
    0xfc, 0x82, 0x81, 0x81, 0x81, 0x82, 0xfc, 0x80,
    0x80, 0x80, 0x80, 0x80,

    /* U+0051 "Q" */
    0x1e, 0x18, 0x44, 0xa, 0x1, 0x80, 0x60, 0x18,
    0x6, 0x1, 0x80, 0x50, 0x26, 0x18, 0xfc, 0xc,
    0x1, 0x80, 0x3c,

    /* U+0052 "R" */
    0xfc, 0x82, 0x81, 0x81, 0x81, 0x82, 0xfc, 0x8c,
    0x84, 0x86, 0x83, 0x81,

    /* U+0053 "S" */
    0x3e, 0x63, 0x40, 0x40, 0x60, 0x3c, 0xe, 0x3,
    0x1, 0x1, 0xe2, 0x3c,

    /* U+0054 "T" */
    0xff, 0x84, 0x2, 0x1, 0x0, 0x80, 0x40, 0x20,
    0x10, 0x8, 0x4, 0x2, 0x1, 0x0,

    /* U+0055 "U" */
    0x81, 0x81, 0x81, 0x81, 0x81, 0x81, 0x81, 0x81,
    0x81, 0x81, 0x42, 0x3c,

    /* U+0056 "V" */
    0xc0, 0xe0, 0xd0, 0x4c, 0x26, 0x31, 0x10, 0x88,
    0x64, 0x16, 0xa, 0x7, 0x1, 0x80,

    /* U+0057 "W" */
    0x43, 0xd, 0xc, 0x24, 0x30, 0x98, 0xe2, 0x64,
    0x98, 0x92, 0x62, 0x49, 0x9, 0x34, 0x3c, 0x50,
    0xe1, 0xc1, 0x86, 0x6, 0x18,

    /* U+0058 "X" */
    0x41, 0x31, 0x88, 0x86, 0xc1, 0x40, 0x60, 0x70,
    0x28, 0x36, 0x11, 0x98, 0xc8, 0x30,

    /* U+0059 "Y" */
    0x41, 0x31, 0x88, 0x84, 0x41, 0x40, 0xa0, 0x20,
    0x10, 0x8, 0x4, 0x2, 0x1, 0x0,

    /* U+005A "Z" */
    0xff, 0x2, 0x6, 0x4, 0xc, 0x18, 0x10, 0x30,
    0x20, 0x40, 0xc0, 0xff,

    /* U+005B "[" */
    0xf2, 0x49, 0x24, 0x92, 0x49, 0x27,

    /* U+005C "\\" */
    0x81, 0x4, 0x10, 0x20, 0x82, 0x4, 0x10, 0x41,
    0x82, 0x8, 0x20, 0x41,

    /* U+005D "]" */
    0xe4, 0x92, 0x49, 0x24, 0x92, 0x4f,

    /* U+005E "^" */
    0x10, 0x50, 0xa3, 0x44, 0x48, 0xb1, 0x80,

    /* U+005F "_" */
    0xff, 0x80,

    /* U+0060 "`" */
    0x46, 0x30,

    /* U+0061 "a" */
    0x7d, 0x8c, 0x8, 0x37, 0xb8, 0x60, 0xc3, 0x7a,

    /* U+0062 "b" */
    0x81, 0x2, 0x4, 0xb, 0x98, 0xa0, 0xc1, 0x83,
    0x6, 0xe, 0x2b, 0x80,

    /* U+0063 "c" */
    0x3d, 0x18, 0x20, 0x82, 0x8, 0x11, 0x3c,

    /* U+0064 "d" */
    0x2, 0x4, 0x8, 0x13, 0xa8, 0xe0, 0xc1, 0x83,
    0x6, 0xa, 0x33, 0xa0,

    /* U+0065 "e" */
    0x38, 0x8a, 0xc, 0x1f, 0xf0, 0x20, 0x20, 0x3c,

    /* U+0066 "f" */
    0x3a, 0x10, 0x8f, 0x21, 0x8, 0x42, 0x10, 0x84,
    0x0,

    /* U+0067 "g" */
    0x3f, 0x66, 0x42, 0x42, 0x66, 0x7c, 0x40, 0x40,
    0x7e, 0xc1, 0x81, 0xc2, 0x7c,

    /* U+0068 "h" */
    0x81, 0x2, 0x4, 0xb, 0xd8, 0xe0, 0xc1, 0x83,
    0x6, 0xc, 0x18, 0x20,

    /* U+0069 "i" */
    0xcf, 0xf8,

    /* U+006A "j" */
    0x24, 0x2, 0x49, 0x24, 0x92, 0x49, 0xc0,

    /* U+006B "k" */
    0x81, 0x2, 0x4, 0x8, 0xd1, 0x24, 0x58, 0xf1,
    0xb2, 0x24, 0x68, 0x40,

    /* U+006C "l" */
    0xaa, 0xaa, 0xaa, 0xc0,

    /* U+006D "m" */
    0xb9, 0xd9, 0xce, 0x10, 0xc2, 0x18, 0x43, 0x8,
    0x61, 0xc, 0x21, 0x84, 0x20,

    /* U+006E "n" */
    0xbd, 0x8e, 0xc, 0x18, 0x30, 0x60, 0xc1, 0x82,

    /* U+006F "o" */
    0x3c, 0x42, 0x81, 0x81, 0x81, 0x81, 0x81, 0x42,
    0x3c,

    /* U+0070 "p" */
    0xb9, 0x8a, 0xc, 0x18, 0x30, 0x60, 0xe2, 0xf9,
    0x2, 0x4, 0x8, 0x0,

    /* U+0071 "q" */
    0x3e, 0x8e, 0xc, 0x18, 0x30, 0x60, 0xa3, 0x3a,
    0x4, 0x8, 0x10, 0x20,

    /* U+0072 "r" */
    0xbc, 0x88, 0x88, 0x88, 0x80,

    /* U+0073 "s" */
    0x7a, 0x8, 0x30, 0x38, 0x30, 0x61, 0x78,

    /* U+0074 "t" */
    0x21, 0x9, 0xf2, 0x10, 0x84, 0x21, 0x8, 0x30,

    /* U+0075 "u" */
    0x83, 0x6, 0xc, 0x18, 0x30, 0x60, 0xe3, 0x7a,

    /* U+0076 "v" */
    0xc1, 0x43, 0x62, 0x62, 0x26, 0x24, 0x34, 0x1c,
    0x18,

    /* U+0077 "w" */
    0x42, 0x14, 0x71, 0x65, 0x36, 0x52, 0x25, 0x22,
    0x9a, 0x28, 0xe3, 0x8c, 0x18, 0xc0,

    /* U+0078 "x" */
    0x42, 0x66, 0x34, 0x18, 0x18, 0x3c, 0x24, 0x66,
    0x42,

    /* U+0079 "y" */
    0xc1, 0x43, 0x62, 0x22, 0x26, 0x34, 0x14, 0x14,
    0x18, 0x8, 0x18, 0x10, 0x60,

    /* U+007A "z" */
    0x7e, 0x8, 0x30, 0xc1, 0x86, 0x18, 0x30, 0xfe,

    /* U+007B "{" */
    0x74, 0x44, 0x44, 0x48, 0x44, 0x44, 0x44, 0x47,

    /* U+007C "|" */
    0xff, 0xff, 0xc0,

    /* U+007D "}" */
    0xe2, 0x22, 0x22, 0x21, 0x22, 0x22, 0x22, 0x2c,

    /* U+007E "~" */
    0x63, 0x26, 0x30,

    /* U+00B0 "°" */
    0x74, 0x63, 0x17, 0x0,

    /* U+00B7 "·" */
    0xff, 0x80,

    /* U+3001 "、" */
    0xc, 0x63, 0x10,

    /* U+3002 "。" */
    0x74, 0x63, 0x17, 0x0,

    /* U+4E00 "一" */
    0xff, 0xfe,

    /* U+4E0A "上" */
    0x2, 0x0, 0x8, 0x0, 0x20, 0x0, 0x80, 0x2,
    0x0, 0xf, 0xe0, 0x20, 0x0, 0x80, 0x2, 0x0,
    0x8, 0x0, 0x20, 0x0, 0x80, 0xff, 0xfc,

    /* U+4E0B "下" */
    0xff, 0xfc, 0x8, 0x0, 0x20, 0x0, 0x80, 0x3,
    0x80, 0x9, 0x80, 0x23, 0x80, 0x82, 0x2, 0x0,
    0x8, 0x0, 0x20, 0x0, 0x80, 0x2, 0x0,

    /* U+4E0D "不" */
    0xff, 0xfc, 0x4, 0x0, 0x30, 0x1, 0xc0, 0xf,
    0xc0, 0x6c, 0xc3, 0x31, 0xb8, 0xc3, 0x83, 0x4,
    0xc, 0x0, 0x30, 0x0, 0xc0, 0x3, 0x0,

    /* U+4E0E "与" */
    0x10, 0x0, 0x80, 0x7, 0xfe, 0x20, 0x3, 0x0,
    0x10, 0x0, 0xff, 0xe0, 0x1, 0x0, 0xf, 0xfe,
    0x40, 0x2, 0x0, 0x30, 0x1, 0x0, 0xf8,

    /* U+4E14 "且" */
    0x3f, 0xf0, 0xc0, 0xc3, 0x3, 0xc, 0xc, 0x3f,
    0xf0, 0xc0, 0xc3, 0x3, 0xc, 0xc, 0x3f, 0xf0,
    0xc0, 0xc3, 0x3, 0xc, 0xc, 0xff, 0xfc,

    /* U+4E1A "业" */
    0xc, 0xc0, 0x33, 0x0, 0xcc, 0x13, 0x30, 0x4c,
    0xc9, 0x33, 0x22, 0xcd, 0xb, 0x34, 0x3c, 0xe0,
    0x33, 0x0, 0xcc, 0x3, 0x30, 0xff, 0xfc,

    /* U+4E22 "丢" */
    0x0, 0x71, 0xff, 0x0, 0x30, 0x0, 0xc0, 0x7f,
    0xf8, 0xc, 0x0, 0x30, 0x3f, 0xff, 0x4, 0x0,
    0x31, 0x81, 0x83, 0xc, 0x4, 0x7f, 0xf9, 0x0,
    0x30,

    /* U+4E24 "两" */
    0xff, 0xfc, 0x23, 0x0, 0x8c, 0x1f, 0xfe, 0x48,
    0xc9, 0x22, 0x24, 0xcc, 0x93, 0xaa, 0x53, 0xb9,
    0x44, 0x64, 0x0, 0x90, 0x2, 0x40, 0x38,

    /* U+4E2A "个" */
    0x1, 0x0, 0x2, 0x0, 0xa, 0x0, 0x36, 0x0,
    0xc6, 0x7, 0x23, 0x38, 0x43, 0xa0, 0x80, 0x1,
    0x0, 0x2, 0x0, 0x4, 0x0, 0x8, 0x0, 0x10,
    0x0, 0x20, 0x0, 0x40, 0x0,

    /* U+4E2D "中" */
    0x2, 0x0, 0x10, 0x0, 0x81, 0xff, 0xf8, 0x20,
    0xc1, 0x6, 0x8, 0x30, 0x41, 0xff, 0xfc, 0x10,
    0x40, 0x80, 0x4, 0x0, 0x20, 0x1, 0x0,

    /* U+4E32 "串" */
    0x2, 0x7, 0xff, 0xb0, 0x85, 0x84, 0x2c, 0x21,
    0x7f, 0xf8, 0x8, 0x1f, 0xff, 0x82, 0xc, 0x10,
    0x60, 0x83, 0xff, 0xf0, 0x20, 0x1, 0x0,

    /* U+4E3A "为" */
    0x2, 0x1, 0x90, 0x4, 0x80, 0x4, 0xf, 0xff,
    0x81, 0x4, 0x18, 0x20, 0xb1, 0x4, 0x88, 0x42,
    0x46, 0x2, 0x60, 0x16, 0x1, 0xe0, 0x78,

    /* U+4E3B "主" */
    0x6, 0x0, 0xc, 0x0, 0x18, 0x1f, 0xfe, 0x3,
    0x0, 0xc, 0x0, 0x30, 0x0, 0xc0, 0x7f, 0xf8,
    0xc, 0x0, 0x30, 0x0, 0xc0, 0x3, 0x3, 0xff,
    0xf0,

    /* U+4E45 "久" */
    0x8, 0x0, 0x20, 0x0, 0x80, 0x7, 0xf0, 0x30,
    0xc0, 0x82, 0x6, 0x18, 0x30, 0x60, 0x83, 0x80,
    0xb, 0x0, 0x44, 0x3, 0x8, 0x30, 0x33, 0x80,
    0x7c, 0x0, 0x40,

    /* U+4E49 "义" */
    0x0, 0x0, 0x8, 0x0, 0x31, 0x88, 0x44, 0x21,
    0x10, 0x40, 0x81, 0x2, 0x2, 0x10, 0xc, 0xc0,
    0x1e, 0x0, 0x30, 0x1, 0xe0, 0x1c, 0xe1, 0xc0,
    0xec, 0x0, 0xc0,

    /* U+4E5F "也" */
    0x0, 0x80, 0x42, 0x1, 0x8, 0x84, 0x3e, 0x13,
    0xc8, 0x7a, 0x2f, 0x8, 0x84, 0x22, 0x10, 0x88,
    0x42, 0xc1, 0x8, 0x44, 0x1, 0x10, 0x4, 0x3f,
    0xe0,

    /* U+4E71 "乱" */
    0x6, 0x43, 0xe1, 0x1, 0x84, 0x6, 0x10, 0xff,
    0x40, 0x61, 0x1, 0x84, 0x6, 0x10, 0x7e, 0x41,
    0x9, 0x4, 0x24, 0x50, 0x91, 0x7e, 0x45, 0x9,
    0xf0,

    /* U+4E86 "了" */
    0xff, 0xf8, 0x1, 0x80, 0x30, 0x3, 0x0, 0x20,
    0x1, 0x0, 0x8, 0x0, 0x40, 0x2, 0x0, 0x10,
    0x0, 0x80, 0x4, 0x1, 0xe0, 0x0,

    /* U+4E8B "事" */
    0x1, 0x1, 0xff, 0xfc, 0x4, 0x1, 0xff, 0xc2,
    0x10, 0x87, 0xff, 0x0, 0x40, 0x3f, 0xfc, 0x1,
    0x9, 0xff, 0xfc, 0x4, 0x23, 0xff, 0xc0, 0x10,
    0x81, 0xe0, 0x0,

    /* U+4E8C "二" */
    0x7f, 0xf8, 0x0, 0x0, 0x0, 0x0, 0x0, 0x0,
    0x0, 0x0, 0x0, 0x0, 0x0, 0x0, 0x0, 0x0,
    0x0, 0xf, 0xff, 0xc0,

    /* U+4E8E "于" */
    0x7f, 0xf8, 0x4, 0x0, 0x10, 0x0, 0x40, 0x1,
    0x3, 0xff, 0xf0, 0x10, 0x0, 0x40, 0x1, 0x0,
    0x4, 0x0, 0x10, 0x0, 0x40, 0x1e, 0x0,

    /* U+4E91 "云" */
    0x3f, 0xf0, 0x0, 0x0, 0x0, 0x0, 0x0, 0xff,
    0xfc, 0x10, 0x0, 0xc0, 0x6, 0x18, 0x10, 0x20,
    0xc0, 0x47, 0xff, 0x9f, 0x82, 0x0, 0x8,

    /* U+4EAE "亮" */
    0x0, 0x0, 0xc, 0xf, 0xff, 0xc0, 0x0, 0x3f,
    0xf0, 0x80, 0x43, 0xff, 0x0, 0x0, 0xff, 0xfe,
    0x0, 0x18, 0xfc, 0x42, 0x10, 0x18, 0x44, 0xc1,
    0x1e, 0x7, 0xc0,

    /* U+4EC5 "仅" */
    0x0, 0x0, 0x10, 0x0, 0x2f, 0xf0, 0x98, 0x23,
    0x10, 0x46, 0x21, 0x9c, 0x42, 0x28, 0x44, 0x10,
    0x90, 0x20, 0xe0, 0x41, 0x80, 0x83, 0x81, 0x19,
    0x82, 0x61, 0x85, 0x0, 0x80,

    /* U+4ED6 "他" */
    0x18, 0x40, 0x24, 0x80, 0xc9, 0x11, 0x13, 0xe6,
    0x2e, 0x5c, 0x78, 0xab, 0x91, 0x11, 0x22, 0x22,
    0x44, 0x44, 0xb0, 0x89, 0x1, 0x10, 0x12, 0x20,
    0x64, 0x7f, 0x80,

    /* U+4EE4 "令" */
    0x3, 0x0, 0xf, 0x0, 0x33, 0x0, 0xc3, 0x6,
    0x31, 0x98, 0x21, 0x80, 0x0, 0x1f, 0xfc, 0x0,
    0x30, 0x0, 0xc0, 0x33, 0x0, 0x3c, 0x0, 0x18,
    0x0, 0x18, 0x0,

    /* U+4EF6 "件" */
    0x10, 0x40, 0x49, 0x2, 0x64, 0x9, 0xfe, 0x64,
    0x41, 0xa1, 0xa, 0x4, 0x28, 0x10, 0x2f, 0xfc,
    0x81, 0x2, 0x4, 0x8, 0x10, 0x20, 0x40, 0x81,
    0x0,

    /* U+4EFB "任" */
    0x8, 0x0, 0x10, 0x7c, 0x7f, 0x80, 0x83, 0x3,
    0x6, 0xe, 0xc, 0x34, 0x18, 0xb, 0xff, 0x10,
    0x60, 0x20, 0xc0, 0x41, 0x80, 0x83, 0x1, 0x6,
    0x2, 0xc, 0x5, 0xff, 0x80,

    /* U+4F20 "传" */
    0x8, 0x40, 0x21, 0x80, 0x5f, 0xf1, 0x4, 0x2,
    0x8, 0xc, 0x30, 0x3b, 0xff, 0xd0, 0x80, 0xa1,
    0x0, 0x47, 0xf8, 0x80, 0x61, 0x1, 0x82, 0x1e,
    0x4, 0xc, 0x8, 0xc, 0x0,

    /* U+4F4D "位" */
    0x10, 0x80, 0x43, 0x3, 0x4, 0x9, 0xfe, 0x60,
    0x1, 0x88, 0x4a, 0x21, 0x28, 0x84, 0x23, 0x10,
    0x8c, 0xc2, 0x12, 0x8, 0x48, 0x20, 0x20, 0xbf,
    0xf0,

    /* U+4F53 "体" */
    0x10, 0xc0, 0x21, 0x80, 0x83, 0x1, 0x7f, 0xe6,
    0xc, 0x1c, 0x3c, 0x28, 0x78, 0x11, 0x68, 0x26,
    0xd8, 0x59, 0x98, 0xef, 0xd1, 0x6, 0x2, 0xc,
    0x4, 0x18, 0x0,

    /* U+4F55 "何" */
    0x0, 0x0, 0x30, 0x0, 0x5f, 0xf9, 0x0, 0x22,
    0x0, 0x4c, 0x0, 0xb9, 0xf9, 0x53, 0x32, 0x26,
    0x64, 0x4c, 0xc8, 0x9f, 0x91, 0x30, 0x22, 0x60,
    0x44, 0x0, 0x88, 0xf, 0x0,

    /* U+4F59 "余" */
    0x1, 0x0, 0x7, 0x0, 0x1b, 0x0, 0xc3, 0x3,
    0x1, 0x9f, 0xfe, 0xc0, 0x40, 0x0, 0x80, 0x7f,
    0xfc, 0x2, 0x0, 0x64, 0xc1, 0x88, 0xc6, 0x10,
    0xc0, 0xe0, 0x0,

    /* U+4F5C "作" */
    0x10, 0x0, 0x44, 0x1, 0x30, 0x8, 0xff, 0x22,
    0x81, 0x92, 0xe, 0xc8, 0x2a, 0x3f, 0x20, 0x80,
    0x82, 0x2, 0xf, 0xc8, 0x20, 0x20, 0x80, 0x82,
    0x2, 0x8, 0x0,

    /* U+4F60 "你" */
    0x19, 0x0, 0x4c, 0x3, 0x20, 0x9, 0xff, 0x64,
    0x47, 0xb1, 0x1a, 0x4, 0x8, 0x92, 0x22, 0x48,
    0x99, 0x32, 0x44, 0x4b, 0x11, 0x20, 0x40, 0x87,
    0x0,

    /* U+4F8B "例" */
    0x1f, 0xc4, 0x88, 0x52, 0x21, 0x59, 0xe5, 0x67,
    0xd7, 0x92, 0x52, 0x89, 0x4b, 0x25, 0x23, 0x94,
    0x84, 0x52, 0x30, 0x48, 0x81, 0x24, 0x4, 0xa0,
    0x70,

    /* U+4FA7 "侧" */
    0x1f, 0xc2, 0x50, 0xa4, 0xa5, 0x4b, 0x4a, 0x96,
    0x95, 0x3d, 0x2a, 0x4a, 0x54, 0x94, 0xa9, 0x29,
    0x52, 0x52, 0xa4, 0x86, 0x9, 0x14, 0x12, 0x44,
    0x25, 0x9, 0xc0,

    /* U+4FDD "保" */
    0x10, 0x0, 0x5f, 0xe3, 0x40, 0x89, 0x2, 0x64,
    0x9, 0x9f, 0xea, 0x4, 0x8, 0x10, 0x2f, 0xfc,
    0x83, 0x82, 0x1f, 0x8, 0xd4, 0x26, 0x48, 0xa1,
    0x12, 0x4, 0x0,

    /* U+4FE1 "信" */
    0x10, 0x80, 0x43, 0x3, 0x0, 0xb, 0xff, 0x60,
    0x1, 0x9f, 0xee, 0x0, 0x28, 0x0, 0x27, 0xf8,
    0x80, 0x2, 0x7f, 0x89, 0x2, 0x24, 0x8, 0x90,
    0x22, 0x7f, 0x80,

    /* U+503C "值" */
    0x10, 0xc0, 0x7f, 0xf2, 0x8, 0x8, 0x20, 0x67,
    0xfb, 0x90, 0x2a, 0x7f, 0x89, 0x2, 0x27, 0xf8,
    0x90, 0x22, 0x40, 0x89, 0xfe, 0x24, 0x8, 0xbf,
    0xf0,

    /* U+504F "偏" */
    0x0, 0x80, 0x63, 0x1, 0x7f, 0xc9, 0x1, 0x24,
    0x5, 0x9f, 0xfe, 0x40, 0x29, 0xff, 0x26, 0x94,
    0x9a, 0x52, 0x69, 0x49, 0xff, 0x2e, 0x94, 0xaa,
    0x52, 0xa9, 0xc0,

    /* U+50A8 "储" */
    0x10, 0x22, 0x6b, 0xf8, 0x98, 0xb1, 0x1, 0x46,
    0x3, 0x9f, 0xbf, 0xc9, 0x18, 0x12, 0x7e, 0x25,
    0x44, 0x48, 0x88, 0x91, 0xf1, 0x3a, 0x22, 0x47,
    0xc4, 0x8, 0x80,

    /* U+5143 "元" */
    0x7f, 0xf8, 0x0, 0x0, 0x0, 0x0, 0x0, 0xff,
    0xfc, 0x23, 0x0, 0x8c, 0x2, 0x30, 0x18, 0xc0,
    0x43, 0x13, 0xc, 0x58, 0x31, 0xc0, 0x7c,

    /* U+5145 "充" */
    0x0, 0x0, 0xc, 0x0, 0x10, 0x3f, 0xff, 0xc,
    0x0, 0x61, 0x83, 0x3, 0x1f, 0xfe, 0x6c, 0x8c,
    0x32, 0x0, 0x88, 0x2, 0x21, 0x18, 0x84, 0xc2,
    0x1e, 0xf, 0xc0,

    /* U+5148 "先" */
    0x13, 0x0, 0x4c, 0x3, 0xff, 0x88, 0xc0, 0x63,
    0x1, 0xc, 0x0, 0x30, 0x3f, 0xff, 0x8, 0xc0,
    0x23, 0x0, 0x8c, 0x4, 0x31, 0x30, 0xc7, 0x1,
    0xf0,

    /* U+5149 "光" */
    0x3, 0x1, 0x8c, 0x62, 0x31, 0x4, 0xcc, 0x13,
    0x20, 0xc, 0xf, 0xff, 0xc2, 0x30, 0x8, 0xc0,
    0x23, 0x1, 0x8c, 0x4, 0x31, 0x60, 0xc7, 0x1,
    0xf0,

    /* U+514D "免" */
    0xc, 0x0, 0x3f, 0x1, 0x8, 0x8, 0x60, 0x7f,
    0xf8, 0x84, 0x22, 0x10, 0x88, 0xc2, 0x3f, 0xf8,
    0xa, 0x0, 0x68, 0x3, 0x21, 0x38, 0x85, 0x83,
    0xf0,

    /* U+5165 "入" */
    0x8, 0x0, 0x30, 0x0, 0x60, 0x0, 0xc0, 0x3,
    0x0, 0xe, 0x0, 0x68, 0x1, 0x30, 0xc, 0x40,
    0x21, 0x81, 0x83, 0xc, 0x6, 0x60, 0xf, 0x0,
    0x10,

    /* U+5168 "全" */
    0x1, 0x80, 0x1, 0x80, 0x2, 0x40, 0xc, 0x20,
    0x18, 0x18, 0x70, 0xe, 0x5f, 0xfa, 0x1, 0x80,
    0x1, 0x80, 0x1, 0x80, 0x1f, 0xf8, 0x1, 0x80,
    0x1, 0x80, 0x1, 0x80, 0x7f, 0xfe,

    /* U+5173 "关" */
    0x10, 0x20, 0x61, 0x80, 0x84, 0x1f, 0xfe, 0x3,
    0x0, 0xc, 0x0, 0x30, 0x3f, 0xff, 0x3, 0x0,
    0x1a, 0x0, 0xcc, 0x6, 0x18, 0x70, 0x3b, 0x0,
    0x30,

    /* U+5176 "其" */
    0x10, 0x23, 0xff, 0xf1, 0x2, 0x4, 0x8, 0x1f,
    0xe0, 0x40, 0x81, 0x2, 0x7, 0xf8, 0x10, 0x20,
    0x40, 0x8f, 0xff, 0xc2, 0x0, 0x38, 0x73, 0x80,
    0x70,

    /* U+5177 "具" */
    0x3f, 0xf0, 0xc0, 0x43, 0x1, 0xf, 0xfc, 0x30,
    0x10, 0xff, 0xc3, 0x1, 0xf, 0xfc, 0x30, 0x10,
    0xc0, 0x4f, 0xff, 0xc2, 0x10, 0x38, 0x33, 0x80,
    0x30, 0x0, 0x0,

    /* U+5185 "内" */
    0x2, 0x0, 0x10, 0x3f, 0xff, 0x4, 0x18, 0x20,
    0xc1, 0x6, 0x14, 0x30, 0x91, 0x88, 0x4d, 0x81,
    0x68, 0xb, 0x0, 0x18, 0x0, 0xc0, 0x3c,

    /* U+518C "册" */
    0x3e, 0xf8, 0x4d, 0x10, 0x9a, 0x21, 0x34, 0x42,
    0x68, 0x84, 0xd1, 0x3f, 0xff, 0x93, 0x44, 0x26,
    0x88, 0x4d, 0x11, 0x9a, 0x22, 0x3c, 0x44, 0x70,
    0x93, 0xa7, 0x0,

    /* U+518D "再" */
    0x7f, 0xfc, 0x2, 0x0, 0x4, 0x1, 0xff, 0xc2,
    0x10, 0x84, 0x21, 0xf, 0xfe, 0x10, 0x84, 0x21,
    0x9, 0xff, 0xfc, 0x80, 0x21, 0x0, 0x42, 0x0,
    0x84, 0xf, 0x0,

    /* U+5199 "写" */
    0xff, 0xfc, 0xc0, 0x64, 0x2, 0x20, 0x1, 0xfe,
    0x8, 0x0, 0xc0, 0x7, 0xfe, 0x0, 0x30, 0x1,
    0x3f, 0xe8, 0x0, 0x40, 0x2, 0x1, 0xe0,

    /* U+51B2 "冲" */
    0x0, 0x41, 0x1, 0x6, 0x4, 0x5, 0xff, 0x4,
    0x44, 0x11, 0x10, 0x44, 0x45, 0x11, 0x37, 0xfc,
    0x91, 0x16, 0x4, 0x30, 0x10, 0x0, 0x40, 0x1,
    0x0,

    /* U+51B3 "决" */
    0x0, 0x81, 0x81, 0x1, 0x9f, 0xe1, 0x4, 0x40,
    0x8, 0x80, 0x11, 0x0, 0x22, 0x17, 0xff, 0x20,
    0xc0, 0xc3, 0xc1, 0x4, 0x86, 0x18, 0x88, 0xe0,
    0xc3, 0x0, 0xc0,

    /* U+51CF "减" */
    0x0, 0x28, 0x80, 0x49, 0xbf, 0xf1, 0x41, 0x0,
    0xbe, 0x41, 0x6, 0x82, 0xd, 0x5, 0xec, 0x2a,
    0x58, 0xd4, 0xa1, 0x2f, 0x42, 0x91, 0x99, 0x4,
    0xc2, 0x11, 0x80,

    /* U+51FA "出" */
    0x2, 0x2, 0x10, 0x90, 0x84, 0x84, 0x24, 0x21,
    0x3f, 0xf8, 0x8, 0x0, 0x40, 0x82, 0x1c, 0x10,
    0xe0, 0x87, 0x4, 0x3f, 0xff, 0x80, 0xc,

    /* U+5206 "分" */
    0x8, 0x40, 0x10, 0xc0, 0x60, 0x80, 0x80, 0x83,
    0x1, 0x8c, 0x1, 0xbf, 0xfd, 0x3, 0x8, 0x4,
    0x10, 0x8, 0x20, 0x30, 0x40, 0x40, 0x83, 0x1,
    0xc, 0x3c, 0x0,

    /* U+5212 "划" */
    0x2c, 0x4, 0x99, 0x12, 0x4, 0x4b, 0xf1, 0xfc,
    0x44, 0xc5, 0x13, 0x34, 0x45, 0x91, 0x14, 0x44,
    0x71, 0x11, 0x80, 0x4e, 0x41, 0xcd, 0x6, 0x1c,
    0xf0,

    /* U+5217 "列" */
    0xff, 0x4, 0xc1, 0x12, 0x4, 0x4f, 0x91, 0x3e,
    0x45, 0x9, 0x1c, 0x24, 0x69, 0x91, 0x1c, 0x44,
    0x31, 0x10, 0x80, 0x44, 0x1, 0x20, 0x7, 0x0,
    0xf0,

    /* U+5219 "则" */
    0x7f, 0x5, 0x4, 0x94, 0x92, 0x52, 0x49, 0x49,
    0x25, 0x24, 0x94, 0x92, 0x52, 0x49, 0x49, 0x25,
    0x24, 0x91, 0x40, 0x45, 0x81, 0x63, 0x7, 0x4,
    0xf0,

    /* U+521B "创" */
    0x4, 0x4, 0x38, 0x91, 0x32, 0x4c, 0x49, 0x60,
    0xa4, 0xfc, 0x92, 0x12, 0x48, 0x49, 0x21, 0x24,
    0x84, 0x92, 0x62, 0x48, 0x21, 0x20, 0x84, 0xfc,
    0xf0,

    /* U+521D "初" */
    0x0, 0x0, 0x40, 0x1, 0x3f, 0xdf, 0x11, 0x8,
    0x44, 0x21, 0x11, 0x44, 0x4d, 0x11, 0x38, 0x45,
    0x52, 0x11, 0x48, 0x44, 0x61, 0x11, 0x4, 0x4c,
    0x21, 0x63, 0x80,

    /* U+5224 "判" */
    0x9, 0x5, 0x2d, 0x16, 0xa4, 0x42, 0x11, 0x7f,
    0x44, 0x21, 0x10, 0x84, 0x42, 0x11, 0xff, 0x44,
    0x41, 0x11, 0x0, 0x4c, 0x1, 0x60, 0x5, 0x0,
    0xf0,

    /* U+5230 "到" */
    0xff, 0x9, 0x82, 0x49, 0x12, 0x84, 0x9f, 0xf4,
    0x80, 0x24, 0x61, 0x3f, 0xe9, 0x18, 0x48, 0xc2,
    0x46, 0x42, 0x3e, 0x1f, 0x80, 0xc0, 0x1c,

    /* U+5236 "制" */
    0x68, 0x5, 0x20, 0x97, 0xf2, 0x72, 0x9, 0x8,
    0x27, 0xfe, 0x90, 0x82, 0x5f, 0xc9, 0x7f, 0x25,
    0x24, 0x94, 0x90, 0x52, 0x41, 0x4b, 0x4, 0x20,
    0x70,

    /* U+5237 "刷" */
    0x7f, 0x85, 0x2, 0x94, 0xa, 0x50, 0x29, 0x7f,
    0xa5, 0x10, 0x97, 0xfa, 0x59, 0x29, 0x64, 0xa5,
    0x92, 0x96, 0x48, 0x79, 0x61, 0x84, 0x6, 0x10,
    0x70,

    /* U+523B "刻" */
    0x8, 0x7, 0xfe, 0x91, 0x82, 0x4c, 0x9, 0x62,
    0x25, 0xf8, 0x90, 0xc2, 0x46, 0x69, 0x33, 0x27,
    0x18, 0x90, 0xe0, 0x46, 0xc1, 0x71, 0x87, 0x0,
    0x70,

    /* U+524D "前" */
    0x10, 0x20, 0x40, 0x80, 0x86, 0x3f, 0xff, 0x0,
    0x0, 0x0, 0x27, 0xe4, 0x90, 0x92, 0x7e, 0x49,
    0x9, 0x24, 0x24, 0x9f, 0x92, 0x42, 0x9, 0x8,
    0x24, 0xe3, 0x80,

    /* U+5254 "剔" */
    0x7f, 0x5, 0x4, 0x97, 0xf2, 0x50, 0x49, 0x41,
    0x25, 0xfc, 0x92, 0x2, 0x5f, 0xc9, 0x55, 0x26,
    0x54, 0x92, 0xd0, 0x52, 0x41, 0x11, 0x4, 0x58,
    0x70,

    /* U+529F "功" */
    0x0, 0x43, 0xf1, 0x3, 0x4, 0xc, 0xff, 0x30,
    0x44, 0xc1, 0x13, 0x4, 0x4c, 0x11, 0x34, 0x84,
    0xf2, 0x1e, 0x18, 0x40, 0x41, 0x6, 0xc, 0x30,
    0xe0,

    /* U+52A0 "加" */
    0x20, 0x1, 0x0, 0x8, 0x3f, 0xfd, 0x12, 0x28,
    0x91, 0x44, 0x8a, 0x24, 0x51, 0x22, 0x89, 0x14,
    0x50, 0xa2, 0x85, 0x14, 0x2f, 0xce, 0x44,

    /* U+52A1 "务" */
    0x4, 0x0, 0x30, 0x1, 0xff, 0x8c, 0xc, 0x68,
    0x61, 0x1f, 0x0, 0x7c, 0x3e, 0x1f, 0x82, 0x0,
    0x8, 0x7, 0xff, 0x81, 0x6, 0xc, 0x18, 0xe0,
    0x4e, 0xf, 0x0,

    /* U+52A8 "动" */
    0x0, 0x21, 0xf8, 0x80, 0x2, 0x0, 0x7f, 0x1,
    0xff, 0xf8, 0x92, 0x2, 0x49, 0x9, 0x24, 0x25,
    0x19, 0x15, 0xe4, 0x7c, 0xb1, 0x1, 0x84, 0x4,
    0xe0,

    /* U+52B2 "劲" */
    0x7e, 0x20, 0x18, 0x80, 0xc2, 0x6, 0x3f, 0x36,
    0x27, 0x8c, 0x90, 0x2, 0x5f, 0x89, 0x18, 0x24,
    0x61, 0x11, 0x84, 0x47, 0xb1, 0x7c, 0x85, 0x4,
    0x60,

    /* U+52BF "势" */
    0x10, 0x41, 0xfb, 0xf0, 0x41, 0x20, 0xea, 0x4f,
    0xd8, 0x82, 0x1d, 0x44, 0x6a, 0xb9, 0x3, 0x3,
    0x1, 0xff, 0xf0, 0x18, 0x20, 0x60, 0x43, 0x80,
    0x9c, 0x1e, 0x0,

    /* U+5305 "包" */
    0x8, 0x0, 0x8, 0x0, 0x1f, 0xfc, 0x30, 0x4,
    0x60, 0x4, 0xdf, 0x84, 0x10, 0x84, 0x10, 0x84,
    0x10, 0x84, 0x1f, 0x8c, 0x10, 0x38, 0x10, 0x2,
    0x10, 0x2, 0xf, 0xfe,

    /* U+5316 "化" */
    0xc, 0x80, 0x11, 0x0, 0x42, 0x10, 0x84, 0x63,
    0x9, 0x8e, 0x16, 0x14, 0x38, 0x8, 0x60, 0x11,
    0x80, 0x2d, 0x0, 0x42, 0x8, 0x84, 0x11, 0x8,
    0x22, 0x1f, 0x80,

    /* U+533A "区" */
    0xff, 0xfa, 0x0, 0x8, 0x2, 0x24, 0x10, 0x8c,
    0xc2, 0x1a, 0x8, 0x30, 0x20, 0xe0, 0x86, 0xc2,
    0x31, 0xb, 0x2, 0x20, 0x8, 0x80, 0x3, 0xff,
    0xf0,

    /* U+534F "协" */
    0x20, 0x80, 0x82, 0x2, 0x7f, 0x3e, 0x24, 0x20,
    0x90, 0x92, 0x62, 0x49, 0x49, 0x25, 0x25, 0x14,
    0xa4, 0x52, 0x31, 0x8, 0x84, 0x24, 0x10, 0xb3,
    0x80,

    /* U+5355 "单" */
    0x10, 0x20, 0x60, 0x80, 0x84, 0x1f, 0xfe, 0x63,
    0x19, 0x8c, 0x67, 0xff, 0x98, 0xc6, 0x63, 0x19,
    0xff, 0xe0, 0x30, 0x3f, 0xff, 0x3, 0x0, 0xc,
    0x0, 0x30, 0x0,

    /* U+5360 "占" */
    0x4, 0x0, 0x40, 0x4, 0x0, 0x7f, 0x4, 0x0,
    0x40, 0x4, 0xf, 0xfe, 0x80, 0x28, 0x2, 0x80,
    0x28, 0x2, 0xff, 0xe8, 0x2,

    /* U+5361 "卡" */
    0x2, 0x0, 0x8, 0x0, 0x3f, 0x80, 0x80, 0x2,
    0x0, 0x8, 0xf, 0xff, 0xc0, 0x80, 0x2, 0x0,
    0xb, 0x80, 0x23, 0x80, 0x80, 0x2, 0x0, 0x8,
    0x0,

    /* U+5367 "卧" */
    0xfe, 0x42, 0x21, 0x8, 0x84, 0x22, 0x10, 0x88,
    0x43, 0xf9, 0x88, 0x27, 0x20, 0x96, 0xfe, 0x42,
    0x21, 0x8, 0x84, 0x22, 0x10, 0xfe, 0x40, 0x1,
    0x0,

    /* U+5385 "厅" */
    0x7f, 0xfd, 0x0, 0x4, 0x0, 0x10, 0x0, 0x5f,
    0xfd, 0x3, 0x4, 0xc, 0x10, 0x30, 0x40, 0xc1,
    0x3, 0x4, 0xc, 0x30, 0x30, 0x80, 0xc2, 0x1e,
    0x0,

    /* U+5386 "历" */
    0x7f, 0xfd, 0x0, 0x4, 0x10, 0x10, 0x40, 0x41,
    0x1, 0x7f, 0xe4, 0x10, 0x90, 0x42, 0x42, 0x9,
    0x8, 0x24, 0x20, 0xb1, 0x2, 0x88, 0x1a, 0x43,
    0xc0,

    /* U+539F "原" */
    0x7f, 0xfd, 0x2, 0x4, 0x18, 0x13, 0xfe, 0x48,
    0x9, 0x20, 0x24, 0xff, 0x92, 0x2, 0x4f, 0xf9,
    0x2, 0x4, 0xc9, 0x26, 0x22, 0xb0, 0x8e, 0xe,
    0x0,

    /* U+53BB "去" */
    0x3, 0x0, 0xc, 0x7, 0xff, 0x80, 0xc0, 0x3,
    0x0, 0xc, 0xf, 0xff, 0xc1, 0x0, 0x8, 0x40,
    0x61, 0x81, 0x3, 0x8, 0xfc, 0x7f, 0x8, 0x0,
    0x0,

    /* U+53C2 "参" */
    0x0, 0x0, 0x13, 0x1, 0x86, 0xf, 0xfc, 0x6,
    0x8, 0x10, 0xf, 0xff, 0xc2, 0x10, 0x33, 0x31,
    0xb8, 0x6c, 0xc, 0xc1, 0xc0, 0x18, 0x70, 0x7,
    0x3, 0xf0, 0x8, 0x0,

    /* U+53CC "双" */
    0xfd, 0xfc, 0x16, 0x30, 0x48, 0xb3, 0x22, 0x68,
    0x88, 0xa2, 0x41, 0x85, 0x6, 0x1c, 0x18, 0x60,
    0xd1, 0x86, 0x4f, 0x10, 0x66, 0x83, 0xc,

    /* U+53CD "反" */
    0x0, 0x78, 0xff, 0x2, 0x0, 0x8, 0x0, 0x20,
    0x0, 0xff, 0xe2, 0xc1, 0x9, 0xc, 0x26, 0x20,
    0x89, 0x82, 0x1c, 0x10, 0x60, 0x47, 0x61, 0x70,
    0xf0, 0x0, 0x0,

    /* U+53D1 "发" */
    0x1, 0x80, 0x32, 0x30, 0x44, 0x20, 0x88, 0x3,
    0xff, 0xe0, 0x60, 0x0, 0x80, 0x3, 0xfc, 0x6,
    0x8, 0x1e, 0x30, 0x66, 0xc1, 0x87, 0x6, 0xe,
    0x8, 0x67, 0x3, 0x1, 0x80,

    /* U+53D6 "取" */
    0xfe, 0x1, 0x17, 0xf4, 0x48, 0x91, 0x22, 0x7c,
    0x89, 0x12, 0x24, 0x45, 0x1f, 0x14, 0x44, 0x71,
    0x10, 0x87, 0xe7, 0x31, 0x34, 0x5, 0x88, 0x14,
    0x10,

    /* U+53D7 "受" */
    0x0, 0xfb, 0xfe, 0x2, 0x31, 0x8c, 0x44, 0x11,
    0x33, 0xff, 0xf8, 0x0, 0x60, 0x1, 0x3f, 0xf0,
    0x60, 0xc0, 0xc6, 0x1, 0xb0, 0x3, 0x80, 0xf3,
    0xce, 0x1, 0xc0,

    /* U+53D8 "变" */
    0x2, 0x0, 0xc, 0xf, 0xff, 0xc1, 0x20, 0x24,
    0xb1, 0x92, 0x64, 0x48, 0xc1, 0x20, 0x0, 0x1,
    0xff, 0xc1, 0x3, 0x2, 0x18, 0x7, 0x80, 0x1e,
    0xf, 0x87, 0xe0, 0x3,

    /* U+53E3 "口" */
    0xff, 0xf8, 0x1, 0x80, 0x18, 0x1, 0x80, 0x18,
    0x1, 0x80, 0x18, 0x1, 0x80, 0x18, 0x1, 0xff,
    0xf8, 0x1, 0x80, 0x10,

    /* U+53EF "可" */
    0xff, 0xfc, 0x0, 0x40, 0x1, 0xf, 0xc4, 0x21,
    0x10, 0x84, 0x42, 0x11, 0x8, 0x44, 0x3f, 0x10,
    0x80, 0x40, 0x1, 0x0, 0x4, 0x0, 0xf0,

    /* U+53F0 "台" */
    0xc, 0x0, 0xc0, 0x4, 0x20, 0x40, 0x84, 0x2,
    0x7f, 0xf8, 0x0, 0x60, 0x0, 0x7f, 0xe2, 0x1,
    0x10, 0x8, 0x80, 0x47, 0xfe, 0x20, 0x10,

    /* U+53F2 "史" */
    0x2, 0x0, 0x10, 0x1f, 0xfc, 0x84, 0x24, 0x21,
    0x21, 0x9, 0xff, 0xc0, 0x40, 0x22, 0x1, 0xb0,
    0x7, 0x0, 0x18, 0x3, 0xf0, 0x70, 0x7c,

    /* U+53F3 "右" */
    0x3, 0x0, 0x4, 0x0, 0x8, 0x3, 0xff, 0xf0,
    0x40, 0x0, 0x80, 0x2, 0x0, 0xf, 0xfe, 0x38,
    0x4, 0xd0, 0x9, 0x20, 0x10, 0x40, 0x20, 0xff,
    0xc1, 0x0, 0x80,

    /* U+53F7 "号" */
    0x3f, 0xf0, 0x80, 0x42, 0x1, 0xf, 0xfc, 0x0,
    0x0, 0x0, 0xf, 0xff, 0xc6, 0x0, 0x10, 0x0,
    0xff, 0xc0, 0x1, 0x0, 0xc, 0x0, 0x20, 0xf,
    0x80,

    /* U+5404 "各" */
    0x4, 0x0, 0x8, 0x0, 0x3f, 0xc0, 0xc1, 0x82,
    0xc6, 0x8, 0xd8, 0x0, 0xe0, 0x3, 0xe0, 0x1c,
    0x71, 0xe0, 0x38, 0x7f, 0xc0, 0x80, 0x81, 0x1,
    0x2, 0x2, 0x7, 0xfc, 0x0,

    /* U+5408 "合" */
    0x0, 0x80, 0x3, 0x0, 0x9, 0x0, 0x61, 0x81,
    0x81, 0xdd, 0xfe, 0xc0, 0x0, 0x0, 0x0, 0x1f,
    0xf8, 0x20, 0x10, 0x40, 0x20, 0x80, 0x41, 0xff,
    0x82, 0x1, 0x0,

    /* U+540C "同" */
    0xff, 0xfc, 0x0, 0x60, 0x3, 0x3f, 0xd8, 0x0,
    0xc0, 0x6, 0x3f, 0x31, 0x9, 0x88, 0x4c, 0x42,
    0x63, 0xf3, 0x10, 0x18, 0x0, 0xc0, 0x1c,

    /* U+540D "名" */
    0x4, 0x0, 0xc0, 0xf, 0xf3, 0x2, 0x60, 0x65,
    0x8c, 0xd, 0x80, 0x70, 0xe, 0x7, 0xff, 0xd0,
    0x11, 0x1, 0x10, 0x11, 0xff, 0x10, 0x10,

    /* U+540E "后" */
    0x0, 0x7c, 0x7f, 0x80, 0x80, 0x1, 0x0, 0x3,
    0xff, 0xe4, 0x0, 0x8, 0x0, 0x13, 0xfe, 0x24,
    0x4, 0x48, 0x9, 0x90, 0x12, 0x20, 0x24, 0x7f,
    0xc8, 0x80, 0x80,

    /* U+5411 "向" */
    0x4, 0x0, 0x20, 0x3, 0x1, 0xff, 0xf8, 0x0,
    0xc0, 0x6, 0x0, 0x33, 0xf1, 0x90, 0x8c, 0x84,
    0x64, 0x23, 0x3f, 0x19, 0x0, 0xc0, 0x6, 0x3,
    0xe0,

    /* U+5426 "否" */
    0x7f, 0xfe, 0x1, 0x0, 0xe, 0x0, 0x3d, 0x81,
    0xd8, 0xce, 0x30, 0xc0, 0x60, 0x0, 0x0, 0x1f,
    0xf8, 0x20, 0x10, 0x40, 0x20, 0x80, 0x41, 0xff,
    0x82, 0x1, 0x0,

    /* U+542B "含" */
    0x1, 0x0, 0xc, 0x0, 0xcc, 0x6, 0x98, 0x73,
    0x3b, 0x0, 0x33, 0xff, 0x0, 0x18, 0x0, 0xc0,
    0xff, 0xc2, 0x1, 0x8, 0x4, 0x3f, 0xf0, 0x80,
    0x40,

    /* U+542C "听" */
    0x0, 0x7f, 0x9c, 0x24, 0x81, 0x24, 0x9, 0x20,
    0x49, 0xfe, 0x48, 0x52, 0x42, 0x92, 0x17, 0x90,
    0xa1, 0x84, 0x8, 0x20, 0x41, 0x4, 0x8,

    /* U+542F "启" */
    0x1, 0x0, 0x8, 0xf, 0xfe, 0x40, 0x12, 0x0,
    0x9f, 0xfc, 0x80, 0x4, 0x0, 0x2f, 0xf9, 0x40,
    0x4a, 0x2, 0x90, 0x14, 0xff, 0xe4, 0x4,

    /* U+544A "告" */
    0x11, 0x0, 0xc4, 0x3, 0xff, 0x98, 0x40, 0xc1,
    0x0, 0x4, 0xf, 0xff, 0xc0, 0x0, 0x3f, 0xf0,
    0x80, 0x42, 0x1, 0x8, 0x4, 0x3f, 0xf0, 0x80,
    0x40,

    /* U+5468 "周" */
    0x3f, 0xfc, 0x80, 0x12, 0x18, 0x4b, 0xfd, 0x21,
    0x84, 0x86, 0x12, 0xff, 0x48, 0x1, 0x27, 0xe4,
    0x90, 0x92, 0x42, 0x51, 0xf9, 0x44, 0x7, 0x0,
    0xf0,

    /* U+547D "命" */
    0x1, 0x80, 0x7, 0x80, 0x19, 0x80, 0xe1, 0xcf,
    0x7e, 0xe0, 0x0, 0xf, 0x9f, 0x11, 0x22, 0x22,
    0x44, 0x44, 0x88, 0x89, 0x11, 0xf2, 0xe2, 0x4,
    0x0, 0x8, 0x0,

    /* U+548C "和" */
    0x1e, 0x7, 0x87, 0xc4, 0x22, 0x21, 0x1f, 0xe8,
    0x88, 0x44, 0xe2, 0x26, 0x91, 0x56, 0x8a, 0x84,
    0x64, 0x22, 0x21, 0xf1, 0x8, 0x88, 0x0,

    /* U+54C8 "哈" */
    0x0, 0xc3, 0xc3, 0x9, 0x1a, 0x24, 0xcc, 0x96,
    0x1a, 0x77, 0xa9, 0x0, 0x24, 0x0, 0x93, 0xf3,
    0xc8, 0x48, 0x21, 0x0, 0x84, 0x3, 0xf0, 0x8,
    0x40,

    /* U+5668 "器" */
    0x7c, 0xf9, 0x12, 0x24, 0x48, 0x91, 0x22, 0x7c,
    0xf8, 0x19, 0x8f, 0xff, 0xc6, 0x10, 0x30, 0x33,
    0xf3, 0xf4, 0x48, 0x91, 0x22, 0x44, 0x89, 0xf3,
    0xe0,

    /* U+56DE "回" */
    0xff, 0xfc, 0x0, 0x60, 0x3, 0x0, 0x19, 0xfc,
    0xc8, 0x26, 0x41, 0x32, 0x9, 0x90, 0x4c, 0xfe,
    0x60, 0x3, 0x0, 0x1f, 0xff, 0xc0, 0x4,

    /* U+56F4 "围" */
    0xff, 0xfc, 0x10, 0x60, 0x83, 0x7f, 0xd8, 0x20,
    0xcf, 0xe6, 0x8, 0x30, 0x41, 0xbf, 0xec, 0x11,
    0x60, 0xb3, 0x4, 0x1f, 0xff, 0xc0, 0x4,

    /* U+56FA "固" */
    0xff, 0xfc, 0x0, 0x60, 0x83, 0x4, 0x1b, 0xfe,
    0xc1, 0x6, 0x8, 0x33, 0xf9, 0x90, 0x4c, 0x82,
    0x67, 0xf3, 0x0, 0x1f, 0xff, 0xc0, 0x4,

    /* U+56FE "图" */
    0xff, 0xfc, 0x0, 0x63, 0x3, 0x1f, 0x99, 0x8c,
    0xd2, 0xc6, 0x1c, 0x37, 0x1d, 0xa6, 0xc, 0xc,
    0x67, 0x3, 0x7, 0x98, 0x0, 0xff, 0xfc,

    /* U+5728 "在" */
    0x4, 0x0, 0x10, 0xf, 0xff, 0xc2, 0x0, 0x10,
    0x40, 0xc1, 0x2, 0x4, 0x19, 0xfe, 0xa0, 0x40,
    0x81, 0x2, 0x4, 0x8, 0x10, 0x20, 0x40, 0xbf,
    0xf0,

    /* U+5730 "地" */
    0x20, 0x20, 0x46, 0x40, 0x8c, 0x97, 0xd9, 0xe2,
    0x3e, 0x44, 0xe4, 0x89, 0xc9, 0x11, 0x92, 0x23,
    0x24, 0x76, 0x5b, 0x8c, 0x84, 0x18, 0x10, 0x30,
    0x60, 0x3f, 0x80,

    /* U+573A "场" */
    0x27, 0xf8, 0x80, 0xc2, 0x6, 0x3e, 0x30, 0xf9,
    0x80, 0x8f, 0xf2, 0x9, 0x48, 0x2d, 0x21, 0x24,
    0xa9, 0x97, 0x44, 0x70, 0x21, 0x1, 0xc, 0x18,
    0xe0,

    /* U+5740 "址" */
    0x20, 0x20, 0x40, 0x40, 0x80, 0x81, 0x1, 0xf,
    0xa2, 0x4, 0x47, 0x88, 0x88, 0x11, 0x10, 0x2a,
    0x20, 0x74, 0x43, 0x88, 0x84, 0x11, 0x0, 0x22,
    0x1, 0xff, 0xc0,

    /* U+5757 "块" */
    0x20, 0x40, 0x81, 0x2, 0x7f, 0xbe, 0x12, 0x20,
    0x48, 0x81, 0x22, 0x4, 0x89, 0xff, 0x28, 0x60,
    0xe2, 0x8e, 0xb, 0x0, 0x44, 0x6, 0x8, 0x30,
    0x30,

    /* U+578B "型" */
    0x7f, 0x48, 0x91, 0x22, 0x44, 0x89, 0x12, 0xff,
    0x48, 0x90, 0x22, 0x40, 0x91, 0xe, 0x3, 0x0,
    0xc, 0x3, 0xff, 0x0, 0xc0, 0x3, 0x3, 0xff,
    0xf0,

    /* U+57DF "域" */
    0x20, 0x3c, 0x40, 0x64, 0x9f, 0xf9, 0x1, 0x8f,
    0x3, 0x4, 0xfe, 0xc9, 0x15, 0x12, 0x2a, 0x27,
    0xd8, 0x70, 0x31, 0xc7, 0x46, 0x79, 0xd0, 0x4,
    0xa0, 0x10, 0xc0,

    /* U+585E "塞" */
    0x3, 0x3, 0xff, 0xf8, 0x84, 0x6f, 0xfd, 0x8,
    0x40, 0xff, 0xc0, 0x84, 0x3f, 0xff, 0x18, 0x60,
    0xcc, 0xcf, 0xff, 0xe0, 0xc1, 0x3, 0x1, 0xff,
    0xe0,

    /* U+586B "填" */
    0x20, 0x40, 0x8f, 0xf2, 0x4, 0x3e, 0xfe, 0xfa,
    0x8, 0x8f, 0xe2, 0x20, 0x88, 0xfe, 0x22, 0x8,
    0xaf, 0xef, 0x7f, 0xe0, 0x64, 0x3, 0x8, 0x10,
    0x10,

    /* U+5883 "境" */
    0x20, 0x40, 0x9f, 0xf2, 0x11, 0x8, 0x4c, 0x76,
    0xcc, 0x8f, 0xe2, 0x20, 0x88, 0xfe, 0x22, 0x8,
    0xef, 0xe7, 0x1a, 0x30, 0x49, 0x3, 0x24, 0x38,
    0xf0,

    /* U+58F0 "声" */
    0x1, 0x80, 0xff, 0xfc, 0x6, 0x0, 0xc, 0x3,
    0xff, 0xc0, 0x0, 0xf, 0xff, 0x18, 0xc2, 0x31,
    0x84, 0x7f, 0xf8, 0x80, 0x11, 0x0, 0x6, 0x0,
    0x8, 0x0, 0x0, 0x0, 0x0,

    /* U+5904 "处" */
    0x10, 0x40, 0xc1, 0x3, 0xe4, 0x8, 0x98, 0x22,
    0x61, 0x89, 0x46, 0x65, 0xbd, 0x13, 0x14, 0x40,
    0x71, 0x0, 0x84, 0x7, 0x10, 0x33, 0x3, 0x3,
    0xf0, 0x0, 0x0,

    /* U+5907 "备" */
    0x4, 0x0, 0x1f, 0xf0, 0xe0, 0xc3, 0x63, 0x0,
    0x38, 0x3, 0xde, 0x3c, 0x3, 0x9f, 0xfc, 0x21,
    0x8, 0x42, 0x10, 0xff, 0xe1, 0x8, 0x42, 0x10,
    0x87, 0xff, 0x0,

    /* U+590D "复" */
    0x0, 0x0, 0x20, 0x0, 0xff, 0xf3, 0x0, 0xd,
    0xff, 0x82, 0x1, 0x7, 0xfe, 0x8, 0x4, 0x1f,
    0xf8, 0x18, 0x0, 0x7f, 0xe1, 0xc1, 0x86, 0x66,
    0x0, 0xf8, 0x3f, 0xf, 0x80,

    /* U+5916 "外" */
    0x10, 0x40, 0xc1, 0x3, 0xf4, 0x8, 0x90, 0x62,
    0x61, 0x9, 0xcb, 0x65, 0x87, 0x13, 0xc, 0x44,
    0x21, 0x1, 0x84, 0xc, 0x10, 0x60, 0x43, 0x1,
    0x0,

    /* U+591A "多" */
    0x6, 0x0, 0x3f, 0xc1, 0x86, 0x1a, 0x30, 0x5,
    0x80, 0xc, 0x1, 0xcc, 0x3c, 0x7f, 0x6, 0x8,
    0x70, 0x61, 0x13, 0x0, 0x38, 0x7, 0x83, 0xf0,
    0x4, 0x0, 0x0,

    /* U+591C "夜" */
    0x1, 0x0, 0x3, 0x1, 0xff, 0xf8, 0x62, 0x0,
    0x8c, 0x3, 0x1f, 0xc4, 0x61, 0x19, 0xb2, 0x77,
    0x28, 0xa9, 0x30, 0x41, 0x40, 0x83, 0x1, 0xf,
    0x2, 0x71, 0x85, 0x81, 0x80,

    /* U+591F "够" */
    0x30, 0x30, 0x40, 0x7d, 0xfb, 0x16, 0x17, 0x47,
    0xa3, 0x89, 0x4e, 0x12, 0xa4, 0x25, 0x1f, 0x4a,
    0x46, 0xf7, 0x49, 0x8, 0x70, 0x10, 0xc0, 0x27,
    0x3, 0xb8, 0x0,

    /* U+5927 "大" */
    0x3, 0x0, 0xc, 0x0, 0x30, 0x0, 0x80, 0xff,
    0xfc, 0xc, 0x0, 0x70, 0x1, 0x20, 0x4, 0xc0,
    0x31, 0x1, 0x86, 0xc, 0xc, 0xe0, 0x1e, 0x0,
    0x10,

    /* U+5929 "天" */
    0x7f, 0xf8, 0x8, 0x0, 0x20, 0x0, 0x80, 0x2,
    0x3, 0xff, 0xf0, 0x30, 0x1, 0xe0, 0x4, 0x80,
    0x33, 0x1, 0x86, 0x1c, 0xe, 0xc0, 0xc,

    /* U+5931 "失" */
    0x13, 0x0, 0xcc, 0x3, 0xff, 0x98, 0xc0, 0x43,
    0x3, 0xc, 0x0, 0x20, 0x3f, 0xff, 0x3, 0x0,
    0x1e, 0x0, 0xcc, 0x6, 0x18, 0x30, 0x33, 0x80,
    0x70,

    /* U+5934 "头" */
    0x1, 0x80, 0xe6, 0x0, 0x58, 0x10, 0x60, 0x71,
    0x80, 0x64, 0x0, 0x10, 0x3f, 0xff, 0x1, 0x0,
    0x8, 0x0, 0x6c, 0x3, 0xc, 0x38, 0x1b, 0x80,
    0x10,

    /* U+5957 "套" */
    0x2, 0x0, 0x18, 0xf, 0xff, 0xc2, 0x10, 0x18,
    0x21, 0xff, 0xed, 0x0, 0xe7, 0xf8, 0x10, 0x0,
    0x7f, 0x81, 0x0, 0x3f, 0xff, 0x18, 0x61, 0xff,
    0xc0, 0x0, 0x80,

    /* U+597D "好" */
    0x20, 0x0, 0x43, 0xf8, 0x80, 0x37, 0xe0, 0xc4,
    0x43, 0x9, 0x84, 0x12, 0xff, 0xe4, 0x10, 0x78,
    0x20, 0x60, 0x40, 0xe0, 0x81, 0x61, 0x4, 0x2,
    0x10, 0x1c, 0x0,

    /* U+5982 "如" */
    0x10, 0x0, 0x40, 0x1, 0xf, 0xff, 0xa1, 0x22,
    0x84, 0x8a, 0x12, 0x68, 0x59, 0x21, 0x64, 0x84,
    0xd2, 0x11, 0x88, 0x47, 0x21, 0x32, 0xff, 0x82,
    0x10,

    /* U+59CB "始" */
    0x20, 0x60, 0x40, 0x80, 0x83, 0x67, 0xc4, 0x44,
    0x90, 0x49, 0x7f, 0xd2, 0xc0, 0xac, 0x0, 0xd1,
    0xfc, 0xe2, 0x8, 0x44, 0x11, 0xc8, 0x26, 0x90,
    0x50, 0x3f, 0x80,

    /* U+5B50 "子" */
    0x3f, 0xf8, 0x0, 0xc0, 0xc, 0x0, 0x60, 0x3,
    0x0, 0xc, 0xf, 0xff, 0xc0, 0xc0, 0x3, 0x0,
    0xc, 0x0, 0x30, 0x0, 0xc0, 0xe, 0x0,

    /* U+5B57 "字" */
    0x2, 0x0, 0xc, 0xf, 0xff, 0xe0, 0x1, 0x80,
    0x4, 0x7f, 0x80, 0x4, 0x0, 0x60, 0x3, 0x3,
    0xff, 0xf0, 0x30, 0x0, 0xc0, 0x3, 0x0, 0xc,
    0x0, 0xe0, 0x0,

    /* U+5B58 "存" */
    0x2, 0x0, 0x4, 0x1, 0xff, 0xf8, 0x20, 0x0,
    0xc0, 0x3, 0x3f, 0x84, 0x2, 0x18, 0x18, 0x70,
    0x20, 0x2f, 0xfc, 0x40, 0x80, 0x81, 0x1, 0x2,
    0x2, 0x3c, 0x0,

    /* U+5B8C "完" */
    0x2, 0x0, 0xc, 0xf, 0xff, 0xf0, 0x3, 0xc0,
    0xc, 0x7f, 0x80, 0x0, 0x0, 0x0, 0xff, 0xfc,
    0x22, 0x0, 0x88, 0x2, 0x20, 0x18, 0x84, 0xc2,
    0x1e, 0xf, 0xc0,

    /* U+5B9A "定" */
    0x3, 0x0, 0x2, 0x1, 0xff, 0xf2, 0x0, 0x24,
    0x0, 0x40, 0x0, 0x7, 0xfc, 0x0, 0x80, 0x11,
    0x0, 0x23, 0xf0, 0x44, 0x1, 0xc8, 0x2, 0x90,
    0xc, 0xe0, 0x30, 0x7f, 0x0,

    /* U+5B9E "实" */
    0x2, 0x0, 0xc, 0xf, 0xff, 0xf0, 0x3, 0xd1,
    0xc, 0x34, 0x0, 0x10, 0x18, 0x40, 0x11, 0x0,
    0xc, 0xf, 0xff, 0xc1, 0x80, 0xc, 0xe0, 0x60,
    0xee, 0x0, 0xc0,

    /* U+5BA2 "客" */
    0x1, 0x0, 0x2, 0x1, 0xff, 0xf2, 0x20, 0x24,
    0x40, 0x41, 0xfe, 0xe, 0x8, 0x13, 0x60, 0x7,
    0xc0, 0x70, 0x79, 0x7f, 0xd0, 0x80, 0x81, 0x1,
    0x2, 0x2, 0x7, 0xfc, 0x0,

    /* U+5BA4 "室" */
    0x0, 0x0, 0xc, 0xf, 0xff, 0xe0, 0x1, 0x80,
    0x4, 0xff, 0xc0, 0xc4, 0x6, 0x18, 0x3f, 0xf0,
    0xc, 0x0, 0x30, 0x1f, 0xfe, 0x3, 0x0, 0xc,
    0xf, 0xff, 0xc0,

    /* U+5BB9 "容" */
    0x1, 0x0, 0x2, 0x1, 0xff, 0xf2, 0x0, 0x24,
    0xc6, 0x43, 0x26, 0xc, 0x62, 0x1, 0x60, 0xc,
    0x60, 0x30, 0x61, 0xff, 0xfa, 0x80, 0x81, 0x1,
    0x2, 0x2, 0x7, 0xfc, 0x0,

    /* U+5BF8 "寸" */
    0x0, 0x40, 0x1, 0x0, 0x4, 0x3f, 0xff, 0x0,
    0x40, 0x1, 0x3, 0x4, 0x4, 0x10, 0x8, 0x40,
    0x31, 0x0, 0x4, 0x0, 0x10, 0x0, 0x40, 0xf,
    0x0,

    /* U+5BF9 "对" */
    0x0, 0x8, 0x0, 0x13, 0xf8, 0x20, 0x2f, 0xf0,
    0x40, 0x8c, 0x81, 0xb, 0x62, 0xc, 0x44, 0x8,
    0x48, 0x38, 0x90, 0xd8, 0x21, 0x10, 0x44, 0x0,
    0x90, 0xf, 0x0,

    /* U+5BFC "导" */
    0x7f, 0xf1, 0x0, 0x44, 0x1, 0x1f, 0xfc, 0x40,
    0x9, 0x0, 0x33, 0xff, 0x80, 0x18, 0xff, 0xfc,
    0x41, 0x81, 0x86, 0x3, 0x18, 0x0, 0x60, 0x7,
    0x0,

    /* U+5C04 "射" */
    0x8, 0x4, 0x3e, 0x4, 0x22, 0x4, 0x22, 0xff,
    0x3e, 0xff, 0x22, 0x4, 0x3e, 0x44, 0x22, 0x64,
    0x7e, 0x24, 0xe, 0x24, 0x1a, 0x4, 0x32, 0x4,
    0xc2, 0x4, 0xe, 0x3c,

    /* U+5C0F "小" */
    0x1, 0x0, 0x2, 0x0, 0x4, 0x0, 0x8, 0x1,
    0x11, 0x6, 0x23, 0x8, 0x42, 0x10, 0x86, 0x61,
    0x4, 0x82, 0xc, 0x4, 0x18, 0x8, 0x0, 0x10,
    0x1, 0xe0, 0x0,

    /* U+5C11 "少" */
    0x1, 0x0, 0x2, 0x0, 0x4, 0x0, 0x88, 0x81,
    0x10, 0x84, 0x21, 0x98, 0x41, 0x20, 0x83, 0x1,
    0x0, 0x2, 0x30, 0x0, 0xc0, 0x7, 0x0, 0x38,
    0x7, 0xc0, 0x18, 0x0, 0x0,

    /* U+5C14 "尔" */
    0x8, 0x0, 0x20, 0x1, 0x80, 0x7, 0xff, 0x21,
    0xd, 0x84, 0x2c, 0x11, 0x86, 0x48, 0x11, 0x10,
    0xc4, 0x62, 0x10, 0x98, 0x41, 0x41, 0x4, 0x4,
    0x0, 0xf0, 0x0,

    /* U+5C1D "尝" */
    0x23, 0x18, 0x4c, 0x8f, 0xff, 0xf0, 0x3, 0xc0,
    0xc, 0xff, 0xc0, 0x0, 0x0, 0x0, 0xff, 0xfc,
    0x30, 0x1, 0x86, 0xc, 0xc, 0x7f, 0xf9, 0xf0,
    0x20,

    /* U+5C3A "尺" */
    0x3f, 0xf8, 0x40, 0x10, 0x80, 0x21, 0x0, 0x42,
    0x0, 0x84, 0x1, 0xf, 0xfe, 0x10, 0x40, 0x20,
    0x80, 0x41, 0x81, 0x81, 0x2, 0x3, 0x4, 0x3,
    0x18, 0x1, 0x80, 0x1, 0x0,

    /* U+5C3E "尾" */
    0x3f, 0xfc, 0x40, 0x8, 0x80, 0x11, 0xff, 0xe2,
    0x3, 0x4, 0xf8, 0xa, 0x20, 0x10, 0x7e, 0x2f,
    0x80, 0x41, 0x3c, 0x9f, 0xc2, 0xc4, 0x14, 0x8,
    0x28, 0x1f, 0xc0,

    /* U+5C40 "局" */
    0x3f, 0xf8, 0x80, 0x22, 0x0, 0x8f, 0xfe, 0x20,
    0x0, 0x80, 0x3, 0xff, 0xc8, 0x1, 0x27, 0xe4,
    0x90, 0x94, 0x42, 0x51, 0xf9, 0xc4, 0xc, 0x0,
    0xe0,

    /* U+5D4C "嵌" */
    0x61, 0x4, 0xc2, 0x9, 0xff, 0xf0, 0x0, 0x6,
    0x24, 0x1f, 0xef, 0xd8, 0x90, 0xb1, 0x4a, 0x62,
    0x94, 0xfc, 0x21, 0x88, 0xe3, 0x11, 0x47, 0xe4,
    0x4c, 0x70, 0x40,

    /* U+5DE5 "工" */
    0x7f, 0xf8, 0xc, 0x0, 0x30, 0x0, 0xc0, 0x3,
    0x0, 0xc, 0x0, 0x30, 0x0, 0xc0, 0x3, 0x0,
    0xc, 0x0, 0x30, 0x3f, 0xff,

    /* U+5DE6 "左" */
    0x2, 0x0, 0x4, 0x0, 0x18, 0x3, 0xff, 0xf0,
    0x40, 0x0, 0x80, 0x3, 0x0, 0x7, 0xff, 0x18,
    0x40, 0x20, 0x80, 0xc1, 0x3, 0x2, 0x4, 0x4,
    0x1, 0xff, 0xc0,

    /* U+5DF1 "己" */
    0xff, 0xe0, 0x1, 0x0, 0x8, 0x0, 0x40, 0x2,
    0x0, 0x13, 0xff, 0x90, 0x0, 0x80, 0x4, 0x0,
    0x20, 0x3, 0x0, 0x18, 0x1, 0xbf, 0xf8,

    /* U+5DF2 "已" */
    0xff, 0xe0, 0x1, 0x0, 0x8, 0x0, 0x48, 0x2,
    0x40, 0x13, 0xff, 0x90, 0x0, 0x80, 0x4, 0x0,
    0x20, 0x3, 0x0, 0x38, 0x1, 0x3f, 0xf8,

    /* U+5E03 "布" */
    0x4, 0x0, 0x10, 0xf, 0xff, 0xc2, 0x0, 0x19,
    0x0, 0xc4, 0x3, 0xff, 0x94, 0x42, 0xd1, 0xa,
    0x44, 0x21, 0x10, 0x84, 0x42, 0x11, 0x38, 0x4,
    0x0,

    /* U+5E0C "希" */
    0x30, 0x30, 0x3b, 0x0, 0x7c, 0x1f, 0x8c, 0x4,
    0x3, 0xff, 0xf0, 0x90, 0x4, 0x40, 0x3f, 0xfb,
    0x44, 0x29, 0x10, 0x84, 0x42, 0x11, 0x38, 0x4,
    0x0,

    /* U+5E18 "帘" */
    0x2, 0x0, 0x8, 0xf, 0xff, 0xe0, 0x1, 0x98,
    0xc4, 0xc0, 0xc4, 0x20, 0x80, 0x80, 0x7f, 0xf9,
    0x8, 0x24, 0x20, 0x90, 0x82, 0x42, 0x9, 0x9,
    0xe0, 0x20, 0x0,

    /* U+5E27 "帧" */
    0x20, 0x40, 0x81, 0xf2, 0x4, 0x3e, 0x10, 0xa9,
    0xfa, 0xa4, 0x2a, 0x94, 0xaa, 0x52, 0xa9, 0x4a,
    0xa5, 0x2b, 0x94, 0x88, 0x28, 0x23, 0x18, 0x98,
    0x30,

    /* U+5E38 "常" */
    0x42, 0x11, 0x11, 0x3f, 0xff, 0x0, 0x1b, 0xfe,
    0x90, 0x10, 0x80, 0x87, 0xfc, 0x2, 0x3, 0xff,
    0x90, 0x84, 0x84, 0x24, 0x21, 0x21, 0x38,

    /* U+5E73 "平" */
    0x7f, 0xf8, 0xc, 0x2, 0x31, 0xc, 0xcc, 0x13,
    0x20, 0x4c, 0x81, 0x36, 0x0, 0xc0, 0xff, 0xfc,
    0xc, 0x0, 0x30, 0x0, 0xc0, 0x3, 0x0, 0xc,
    0x0,

    /* U+5E76 "并" */
    0x10, 0x20, 0x61, 0x80, 0x84, 0x1f, 0xff, 0x8,
    0x40, 0x21, 0x0, 0x84, 0x2, 0x10, 0xff, 0xfc,
    0x61, 0x1, 0x4, 0xc, 0x10, 0x60, 0x43, 0x1,
    0x0,

    /* U+5E7F "广" */
    0x1, 0x80, 0x1, 0x0, 0xff, 0xf9, 0x0, 0x2,
    0x0, 0x4, 0x0, 0x8, 0x0, 0x10, 0x0, 0x20,
    0x0, 0x40, 0x0, 0x80, 0x2, 0x0, 0x4, 0x0,
    0x8, 0x0, 0x0,

    /* U+5E8F "序" */
    0x1, 0x0, 0x6, 0x7, 0xff, 0xd0, 0x0, 0x40,
    0x1, 0x3f, 0xe4, 0x3, 0x11, 0xd0, 0x40, 0xc1,
    0x7f, 0xf4, 0x8, 0x90, 0x24, 0xc0, 0x82, 0x2,
    0x8, 0x78, 0x0,

    /* U+5E94 "应" */
    0x1, 0x0, 0x4, 0x7, 0xff, 0xd0, 0x0, 0x41,
    0x9, 0x64, 0x24, 0x91, 0x92, 0x64, 0x4c, 0x91,
    0x10, 0x84, 0x2, 0x30, 0x10, 0xbf, 0xfe, 0x0,
    0x0,

    /* U+5E95 "底" */
    0x1, 0x0, 0x6, 0x7, 0xff, 0xd0, 0x0, 0x40,
    0x39, 0x3f, 0x84, 0x84, 0x12, 0x10, 0x4f, 0xfd,
    0x21, 0x84, 0x82, 0x12, 0x28, 0xc8, 0xa6, 0x39,
    0x59, 0x84, 0xc0,

    /* U+5EA6 "度" */
    0x1, 0x0, 0x4, 0x7, 0xff, 0xd0, 0x0, 0x44,
    0x21, 0xff, 0xf4, 0x42, 0x11, 0x8, 0x47, 0xe1,
    0x0, 0x7, 0xff, 0x13, 0xc, 0x46, 0x62, 0x6,
    0xb, 0xe7, 0xc0, 0x0,

    /* U+5EFA "建" */
    0xf0, 0x80, 0xdf, 0xe2, 0x8, 0x9b, 0xff, 0x40,
    0x8b, 0xdf, 0xe1, 0x8, 0x25, 0xfe, 0x90, 0x81,
    0x82, 0x6, 0xff, 0xd8, 0x20, 0x58, 0x2, 0x1f,
    0xf0,

    /* U+5F00 "开" */
    0x7f, 0xfc, 0x21, 0x80, 0x86, 0x2, 0x18, 0x8,
    0x60, 0x21, 0x8f, 0xff, 0xc2, 0x18, 0x18, 0x60,
    0x41, 0x81, 0x6, 0xc, 0x18, 0x60, 0x63, 0x1,
    0x80,

    /* U+5F03 "弃" */
    0x2, 0x0, 0xc, 0xf, 0xff, 0xc3, 0x10, 0x18,
    0x60, 0xc0, 0xc7, 0xff, 0x80, 0x2, 0x8, 0x40,
    0x21, 0xf, 0xff, 0xc6, 0x10, 0x10, 0x41, 0x81,
    0xc, 0x4, 0x0,

    /* U+5F0F "式" */
    0x0, 0x90, 0x2, 0x60, 0x8, 0xbf, 0xff, 0x0,
    0x80, 0x3, 0x7, 0xec, 0x6, 0x10, 0x18, 0x40,
    0x61, 0x1, 0x86, 0x47, 0xc9, 0xfc, 0x36, 0x0,
    0x70,

    /* U+5F15 "引" */
    0xfe, 0x10, 0x21, 0x2, 0x10, 0x21, 0x7e, 0x14,
    0x1, 0xc0, 0x18, 0x1, 0xfe, 0x10, 0x21, 0x2,
    0x10, 0x21, 0x4, 0x13, 0xc1,

    /* U+5F3A "强" */
    0xf9, 0xfc, 0x12, 0x8, 0x24, 0x10, 0x4f, 0xef,
    0x82, 0x10, 0x4, 0x20, 0x7f, 0x40, 0x92, 0xf9,
    0x24, 0x13, 0xf8, 0x20, 0x80, 0x41, 0x60, 0x82,
    0x4e, 0x7f, 0x40,

    /* U+5F53 "当" */
    0x2, 0x4, 0x21, 0x62, 0x22, 0x26, 0x2, 0x7,
    0xff, 0x0, 0x10, 0x1, 0x0, 0x17, 0xff, 0x0,
    0x10, 0x1, 0xff, 0xf0, 0x1,

    /* U+5F55 "录" */
    0x7f, 0xf0, 0x0, 0x40, 0x1, 0xf, 0xfc, 0x0,
    0x10, 0x0, 0x4f, 0xff, 0xc0, 0xc0, 0x33, 0x30,
    0x6f, 0x80, 0xf4, 0x1c, 0xcc, 0xc3, 0x1c, 0x38,
    0x0,

    /* U+5F62 "形" */
    0x0, 0x5, 0xff, 0x18, 0x88, 0x61, 0x13, 0x82,
    0x24, 0x4, 0x40, 0x88, 0x83, 0x7f, 0xcc, 0x22,
    0x30, 0x44, 0x80, 0x88, 0x19, 0x10, 0x66, 0x21,
    0x88, 0x4e, 0x20, 0x90, 0x0,

    /* U+5F71 "影" */
    0x7f, 0xc, 0x82, 0x31, 0xfc, 0xc2, 0xb, 0x3,
    0xe0, 0x7f, 0xf1, 0x80, 0xc, 0x3f, 0xb0, 0x41,
    0x0, 0xfe, 0x8, 0x20, 0x32, 0x48, 0xcc, 0x97,
    0x7, 0x8, 0x0,

    /* U+5F80 "往" */
    0x10, 0x80, 0x83, 0x4, 0x4, 0x23, 0xff, 0x30,
    0xc0, 0x83, 0xe, 0xc, 0x29, 0xfe, 0x20, 0xc0,
    0x83, 0x2, 0xc, 0x8, 0x30, 0x20, 0xc0, 0xbf,
    0xf0,

    /* U+5FC3 "心" */
    0x4, 0x0, 0xc, 0x0, 0x6, 0x0, 0x6, 0x0,
    0x84, 0x9, 0x1, 0x12, 0x3, 0x24, 0x2, 0x48,
    0x4, 0x90, 0xf, 0x20, 0x4c, 0x40, 0x80, 0x81,
    0x1, 0xfc, 0x0,

    /* U+5FC5 "必" */
    0xc, 0x0, 0xe, 0x30, 0x6, 0x40, 0x41, 0x84,
    0x86, 0x9, 0x1b, 0x12, 0x22, 0x25, 0x86, 0xce,
    0x5, 0x18, 0xc, 0x60, 0x43, 0xc0, 0x8c, 0x81,
    0x1, 0xfc, 0x0,

    /* U+5FD7 "志" */
    0x3, 0x0, 0xc, 0xf, 0xff, 0xc0, 0xc0, 0x3,
    0x0, 0xc, 0x7, 0xff, 0x80, 0x0, 0x3, 0x1,
    0xe6, 0x45, 0x89, 0x96, 0xa, 0x98, 0x2c, 0x3f,
    0x80,

    /* U+6001 "态" */
    0x3, 0x0, 0x8, 0xf, 0xff, 0xc0, 0xe0, 0x4,
    0x80, 0x33, 0x1, 0xe6, 0x1c, 0xc7, 0xc2, 0xd,
    0x6c, 0x45, 0x99, 0x96, 0xa, 0xd8, 0x2c, 0x3f,
    0x80,

    /* U+601D "思" */
    0x3f, 0xf8, 0x42, 0x10, 0x84, 0x21, 0xff, 0xc2,
    0x10, 0x84, 0x21, 0xf, 0xfe, 0x1, 0x0, 0x3,
    0x0, 0x53, 0x10, 0xa2, 0x33, 0x41, 0xa4, 0x83,
    0x49, 0xfc, 0x0,

    /* U+6027 "性" */
    0x20, 0x40, 0x89, 0x3, 0x24, 0x2d, 0xff, 0xac,
    0x42, 0xb1, 0xa, 0x4, 0x9, 0xfe, 0x20, 0x40,
    0x81, 0x2, 0x4, 0x8, 0x10, 0x20, 0x40, 0xbf,
    0xf0,

    /* U+603B "总" */
    0x18, 0x20, 0x21, 0x80, 0xc4, 0xf, 0xfc, 0x20,
    0x10, 0x80, 0x42, 0x1, 0xf, 0xfc, 0x2, 0x1,
    0x64, 0x45, 0x88, 0xb6, 0x3, 0x98, 0x24, 0x3f,
    0x80,

    /* U+606F "息" */
    0x2, 0x0, 0x8, 0x3, 0xff, 0x8, 0x4, 0x3f,
    0xf0, 0x80, 0x43, 0xff, 0x8, 0x4, 0x20, 0x10,
    0xff, 0xc0, 0x20, 0x14, 0x42, 0x50, 0xae, 0x40,
    0x91, 0xfe, 0x0,

    /* U+611F "感" */
    0x0, 0x51, 0xff, 0xf4, 0x4, 0x17, 0xd2, 0x40,
    0x49, 0x7d, 0x45, 0x13, 0x14, 0x49, 0x9f, 0x76,
    0x2, 0x75, 0x11, 0x94, 0x2a, 0x90, 0x24, 0x7f,
    0x80,

    /* U+6162 "慢" */
    0x23, 0xf8, 0x44, 0x10, 0x8f, 0xe1, 0x50, 0x4a,
    0x9f, 0x14, 0xff, 0xa9, 0x29, 0x13, 0xfe, 0x20,
    0x0, 0x4f, 0xf8, 0x8c, 0x61, 0x5, 0x82, 0x1f,
    0x5, 0xc1, 0x80,

    /* U+6210 "成" */
    0x0, 0xa0, 0x2, 0x67, 0xff, 0xd0, 0x20, 0x40,
    0x81, 0x2, 0x27, 0xc9, 0x91, 0x34, 0x44, 0x71,
    0x11, 0x84, 0x44, 0x77, 0x39, 0x83, 0x26, 0x18,
    0x60,

    /* U+6216 "或" */
    0x0, 0xb0, 0x2, 0x2f, 0xff, 0xc0, 0x20, 0x0,
    0x81, 0xfa, 0x24, 0x6d, 0x91, 0xb4, 0x46, 0x51,
    0xf9, 0x80, 0x6, 0x7, 0xb9, 0xe1, 0xb4, 0x8,
    0x70,

    /* U+6237 "户" */
    0x1, 0x0, 0x8, 0x0, 0x60, 0x7f, 0xf2, 0x0,
    0x90, 0x4, 0x80, 0x27, 0xff, 0x20, 0x9, 0x0,
    0x8, 0x0, 0x80, 0x4, 0x0, 0x20, 0x2, 0x0,
    0x0,

    /* U+6240 "所" */
    0x0, 0x4, 0xfc, 0xf1, 0x2, 0x2, 0x4, 0x7,
    0xc8, 0x8, 0x9f, 0xd1, 0x22, 0x3e, 0x44, 0x40,
    0x88, 0x81, 0x11, 0x2, 0x22, 0x8, 0x48, 0x30,
    0x90, 0x41, 0x0,

    /* U+6241 "扁" */
    0x0, 0x0, 0x6, 0x3, 0xff, 0xc8, 0x1, 0x20,
    0x4, 0xff, 0xf2, 0x0, 0xf, 0xff, 0x39, 0x24,
    0xe4, 0x93, 0x92, 0x57, 0xff, 0x59, 0x25, 0x64,
    0x99, 0x92, 0xc0,

    /* U+6247 "扇" */
    0x1, 0x0, 0x4, 0x3, 0xff, 0xc8, 0x1, 0x20,
    0x4, 0xff, 0xf2, 0x0, 0xf, 0xdf, 0x21, 0x4,
    0xb4, 0xd2, 0x51, 0xc8, 0xc3, 0x5d, 0x75, 0x4,
    0x1c, 0x70, 0xc0,

    /* U+624B "手" */
    0x0, 0xf1, 0xfe, 0x0, 0x30, 0x0, 0xc0, 0x7f,
    0xf8, 0xc, 0x0, 0x30, 0x0, 0xc0, 0xff, 0xfc,
    0xc, 0x0, 0x30, 0x0, 0xc0, 0x3, 0x0, 0x78,
    0x0,

    /* U+627E "找" */
    0x20, 0x80, 0x41, 0x20, 0x82, 0x27, 0xc4, 0x62,
    0x7f, 0x84, 0x10, 0x8, 0x32, 0x1c, 0x2c, 0xe0,
    0x50, 0x40, 0xc0, 0x81, 0x81, 0xd, 0x12, 0x73,
    0x5c, 0x3, 0x80,

    /* U+6298 "折" */
    0x30, 0x8, 0xc7, 0xc3, 0x10, 0x3f, 0x40, 0x31,
    0x0, 0xc7, 0xf3, 0x51, 0xf, 0x44, 0xf1, 0x10,
    0xc4, 0x43, 0x31, 0xc, 0x84, 0x32, 0x11, 0x90,
    0x40,

    /* U+62A5 "报" */
    0x23, 0xf8, 0x88, 0x22, 0x20, 0xbe, 0x82, 0x22,
    0x78, 0x88, 0x2, 0x3f, 0xce, 0xa2, 0xe2, 0x88,
    0x89, 0x42, 0x27, 0x8, 0x8c, 0x22, 0xdb, 0x8e,
    0x30,

    /* U+62C6 "拆" */
    0x20, 0x18, 0x8f, 0x82, 0x20, 0x3e, 0x80, 0x22,
    0x0, 0x8f, 0xf2, 0x22, 0xe, 0x88, 0xe2, 0xe0,
    0x88, 0xc2, 0x23, 0x89, 0x8, 0x24, 0x21, 0x90,
    0x80,

    /* U+62DF "拟" */
    0x22, 0x8, 0x45, 0x10, 0x8a, 0x27, 0xd2, 0x42,
    0x24, 0x84, 0x49, 0x8, 0x82, 0x1d, 0x8, 0xe2,
    0x58, 0x45, 0xb0, 0x8c, 0xf1, 0x11, 0x22, 0x4,
    0x5c, 0x10, 0x80,

    /* U+62E9 "择" */
    0x27, 0xf8, 0x84, 0x62, 0x11, 0x3e, 0x28, 0x20,
    0xe0, 0x9c, 0x72, 0xc4, 0x5e, 0x10, 0xe3, 0xf8,
    0x81, 0x2, 0x4, 0x9, 0xff, 0x20, 0x41, 0x81,
    0x0,

    /* U+6301 "持" */
    0x20, 0x40, 0x40, 0x80, 0x8f, 0xf7, 0xc2, 0x2,
    0x4, 0x4, 0xff, 0xc8, 0x2, 0x1c, 0x4, 0xe7,
    0xfe, 0x40, 0x10, 0x84, 0x21, 0xc, 0x42, 0x0,
    0x9c, 0xf, 0x0,

    /* U+6302 "挂" */
    0x20, 0x40, 0x81, 0x2, 0x3f, 0xbe, 0x10, 0x20,
    0x40, 0x9f, 0xf2, 0x0, 0xe, 0x10, 0xf0, 0x40,
    0x8f, 0xf2, 0x4, 0x8, 0x10, 0x20, 0x43, 0xbf,
    0xf0,

    /* U+6307 "指" */
    0x22, 0x0, 0x44, 0x78, 0x8f, 0x87, 0xd0, 0x12,
    0x20, 0x64, 0x7f, 0x88, 0x0, 0x3d, 0xfe, 0xe2,
    0x4, 0x44, 0x8, 0x8f, 0xf1, 0x10, 0x22, 0x20,
    0x4c, 0x7f, 0x80,

    /* U+6309 "按" */
    0x20, 0x40, 0x81, 0x2, 0x7f, 0xff, 0x81, 0x26,
    0x84, 0x82, 0x2, 0x7f, 0xca, 0x46, 0xf3, 0x12,
    0x8c, 0x42, 0xe, 0x8, 0x1c, 0x21, 0x9b, 0x98,
    0x10,

    /* U+6362 "换" */
    0x20, 0x80, 0x43, 0xf0, 0x84, 0x67, 0x90, 0x82,
    0x7f, 0xc4, 0x4c, 0x88, 0x99, 0x3d, 0x32, 0xa7,
    0xfe, 0x40, 0xc0, 0x82, 0xc1, 0x8, 0xc2, 0x60,
    0xcd, 0x80, 0xc0,

    /* U+636E "据" */
    0x23, 0xfc, 0x88, 0x1f, 0xa0, 0x7e, 0xff, 0x22,
    0x20, 0x88, 0x82, 0xbf, 0xde, 0x88, 0xe6, 0x20,
    0x97, 0xf2, 0x50, 0x49, 0x41, 0x25, 0x7, 0xa7,
    0xf0,

    /* U+6392 "排" */
    0x20, 0x90, 0x41, 0x20, 0x82, 0x47, 0xdc, 0xe2,
    0x9, 0x4, 0x12, 0x8, 0xe7, 0x1c, 0x48, 0xe0,
    0x90, 0x4f, 0x3c, 0x82, 0x41, 0x4, 0x82, 0x9,
    0xc, 0x12, 0x0,

    /* U+63A2 "探" */
    0x27, 0xfc, 0x48, 0x8, 0x90, 0x17, 0xcd, 0x82,
    0x11, 0x84, 0x41, 0x88, 0x10, 0x7f, 0xfe, 0xa0,
    0xe0, 0x43, 0xe0, 0x85, 0x61, 0x32, 0x62, 0x44,
    0x5c, 0x8, 0x0,

    /* U+63A5 "接" */
    0x20, 0x80, 0x81, 0x2, 0x7f, 0xfe, 0x44, 0x21,
    0x30, 0x9f, 0xf2, 0x8, 0xe, 0x20, 0xe7, 0xfc,
    0x8c, 0x42, 0x21, 0x8, 0x78, 0x21, 0xfb, 0x98,
    0x30,

    /* U+63A7 "控" */
    0x20, 0x40, 0x40, 0x80, 0x9f, 0xff, 0xe0, 0x12,
    0xb, 0x4, 0x21, 0x8, 0x81, 0x94, 0x0, 0xf3,
    0xfd, 0x40, 0x80, 0x81, 0x1, 0x2, 0x2, 0x4,
    0x1c, 0xff, 0xc0,

    /* U+6447 "摇" */
    0x20, 0x1c, 0x4f, 0xe0, 0x89, 0x17, 0xd2, 0x42,
    0x11, 0x84, 0x7f, 0x89, 0x90, 0x3c, 0x20, 0xe7,
    0xfe, 0x40, 0x80, 0x89, 0x11, 0x12, 0x22, 0x3f,
    0xdc, 0x0, 0x80,

    /* U+64AD "播" */
    0x27, 0xe8, 0x44, 0x98, 0x85, 0x27, 0xca, 0xc2,
    0x7f, 0xe4, 0x1e, 0xa, 0xd6, 0x3f, 0x23, 0xe3,
    0xfc, 0x44, 0x88, 0x8f, 0xf1, 0x12, 0x22, 0x24,
    0x5c, 0x7f, 0x80,

    /* U+652F "支" */
    0x1, 0x80, 0x1, 0x80, 0x7f, 0xfe, 0x1, 0x80,
    0x1, 0x80, 0x1, 0x80, 0x3f, 0xfc, 0x18, 0x18,
    0xc, 0x10, 0x4, 0x30, 0x3, 0xe0, 0x1, 0x80,
    0xe, 0x70, 0xf8, 0x1e,

    /* U+6536 "收" */
    0x4, 0x40, 0x9, 0x81, 0x13, 0x2, 0x27, 0xf4,
    0x58, 0xc8, 0xb1, 0x11, 0xd2, 0x22, 0x24, 0x44,
    0x70, 0xf8, 0x61, 0x90, 0xc0, 0x22, 0xc0, 0x58,
    0xc0, 0xa0, 0xc0,

    /* U+6539 "改" */
    0x1, 0x83, 0xe6, 0x0, 0x90, 0x2, 0xfe, 0xb,
    0x13, 0xfc, 0x48, 0x53, 0x20, 0x28, 0x80, 0xe2,
    0x1, 0xb, 0x8e, 0x38, 0x6c, 0x87, 0x18, 0x10,
    0x20,

    /* U+653E "放" */
    0x10, 0x40, 0x20, 0x80, 0x3, 0x7, 0xf7, 0xe2,
    0x18, 0x87, 0xb1, 0x9, 0x56, 0x12, 0x28, 0x24,
    0x70, 0x48, 0x41, 0x11, 0xc2, 0x26, 0x8c, 0x58,
    0x93, 0xe0, 0x80,

    /* U+6548 "效" */
    0x20, 0x40, 0x41, 0xf, 0xe4, 0x0, 0x3f, 0x6c,
    0x89, 0x12, 0x2c, 0xb9, 0xba, 0x74, 0x28, 0x50,
    0x41, 0xc1, 0x82, 0xb, 0x1c, 0x44, 0xdb, 0xe,
    0x30, 0x20, 0x40,

    /* U+6570 "数" */
    0x5a, 0x60, 0xb4, 0x80, 0x61, 0x7, 0xfb, 0xf3,
    0xc4, 0x8f, 0x79, 0x36, 0x32, 0x8, 0x14, 0xfe,
    0x30, 0x44, 0x61, 0x90, 0xc0, 0xe3, 0xc3, 0x6c,
    0xdc, 0x30, 0xc0,

    /* U+6574 "整" */
    0xfe, 0x40, 0x20, 0xfd, 0xfb, 0x22, 0x9a, 0xc7,
    0xe7, 0x7, 0x86, 0x1d, 0x9e, 0x48, 0xc3, 0x7f,
    0xfc, 0x2, 0x0, 0x44, 0x0, 0x8f, 0x81, 0x10,
    0x1f, 0xff, 0xc0,

    /* U+6587 "文" */
    0x2, 0x0, 0xc, 0x0, 0x10, 0x3f, 0xff, 0x10,
    0x20, 0x40, 0x80, 0x84, 0x2, 0x30, 0x4, 0x80,
    0x1e, 0x0, 0x30, 0x3, 0xf0, 0x18, 0x63, 0x80,
    0x78, 0x0, 0x0,

    /* U+65AD "断" */
    0x88, 0x1e, 0xab, 0x8a, 0xc8, 0x2b, 0x20, 0xfe,
    0x82, 0x23, 0xf9, 0xc9, 0x27, 0xa4, 0xaa, 0x93,
    0x22, 0x48, 0x89, 0x20, 0x64, 0xff, 0x10, 0x4,
    0x40,

    /* U+65B0 "新" */
    0x10, 0x0, 0x40, 0xff, 0xec, 0x11, 0x20, 0x24,
    0x80, 0xa2, 0xf, 0xef, 0xc4, 0x22, 0x10, 0x8b,
    0xfa, 0x21, 0x8, 0x95, 0x22, 0x93, 0x88, 0x44,
    0x23, 0x30, 0x80,

    /* U+65B9 "方" */
    0x2, 0x0, 0xc, 0x0, 0x10, 0x3f, 0xff, 0xc,
    0x0, 0x30, 0x0, 0xc0, 0x3, 0xfc, 0x8, 0x10,
    0x20, 0x41, 0x81, 0x4, 0x4, 0x30, 0x11, 0x80,
    0xcc, 0x1e, 0x0,

    /* U+65E0 "无" */
    0x7f, 0xf8, 0x8, 0x0, 0x20, 0x0, 0x80, 0x2,
    0x3, 0xff, 0xf0, 0x70, 0x1, 0x40, 0x5, 0x0,
    0x34, 0x0, 0x90, 0x44, 0x41, 0x31, 0x7, 0x7,
    0xf0,

    /* U+65E5 "日" */
    0xff, 0xe0, 0x18, 0x6, 0x1, 0x80, 0x7f, 0xf8,
    0x6, 0x1, 0x80, 0x60, 0x18, 0x7, 0xff, 0x80,
    0x40,

    /* U+65E7 "旧" */
    0x80, 0x8, 0xff, 0x88, 0x18, 0x81, 0x88, 0x18,
    0x81, 0x8f, 0xf8, 0x81, 0x88, 0x18, 0x81, 0x88,
    0x18, 0x81, 0x8f, 0xf8, 0x81,

    /* U+65F6 "时" */
    0x0, 0x13, 0xe0, 0x48, 0x81, 0x22, 0xff, 0x88,
    0x12, 0x20, 0x4f, 0x91, 0x22, 0x64, 0x88, 0xd2,
    0x20, 0x4f, 0x81, 0x20, 0x4, 0x80, 0x10, 0x3,
    0xc0,

    /* U+660E "明" */
    0xf9, 0xfc, 0x48, 0x62, 0x43, 0x12, 0x18, 0x9f,
    0xfc, 0x86, 0x24, 0x31, 0x21, 0x89, 0xff, 0xc8,
    0x60, 0x82, 0x4, 0x10, 0x40, 0x84, 0x1c,

    /* U+6620 "映" */
    0x0, 0x43, 0xc1, 0x9, 0x3f, 0xa4, 0x92, 0x92,
    0x4b, 0xc9, 0x29, 0x24, 0xa5, 0xff, 0x90, 0x42,
    0x42, 0x8f, 0xa, 0x20, 0x44, 0x87, 0x18, 0x30,
    0x30,

    /* U+662F "是" */
    0x3f, 0xf0, 0x80, 0x43, 0xff, 0x8, 0x4, 0x20,
    0x10, 0xff, 0xc0, 0x0, 0x3f, 0xff, 0x1, 0x0,
    0x44, 0x3, 0x1f, 0x8c, 0x40, 0x4d, 0x3, 0x1f,
    0xf0,

    /* U+663E "显" */
    0x3f, 0xf8, 0x40, 0x10, 0x80, 0x21, 0xff, 0xc2,
    0x0, 0x84, 0x1, 0xf, 0xfe, 0x2, 0x20, 0x24,
    0x48, 0x68, 0xb0, 0x51, 0x40, 0x22, 0xf, 0xff,
    0xe0,

    /* U+666F "景" */
    0x3f, 0xf0, 0x80, 0x43, 0xff, 0x8, 0x4, 0x3f,
    0xf0, 0xc, 0xf, 0xcf, 0xcf, 0xfc, 0x20, 0x10,
    0x80, 0x43, 0xff, 0x4, 0xc0, 0x63, 0x7a, 0x1c,
    0x0,

    /* U+6682 "暂" */
    0x30, 0xb, 0xfb, 0xc6, 0x8, 0x10, 0x20, 0x48,
    0x83, 0xfb, 0xf0, 0x89, 0x3f, 0xe4, 0x9, 0x10,
    0xff, 0xc2, 0x1, 0xf, 0xfc, 0x20, 0x10, 0x80,
    0x43, 0xff, 0x0,

    /* U+66B4 "暴" */
    0x3f, 0xf0, 0x80, 0x43, 0xff, 0x8, 0x4, 0x3f,
    0xf0, 0x21, 0x7, 0xff, 0x82, 0x10, 0xff, 0xfc,
    0xc8, 0xcc, 0xa4, 0xc1, 0xa0, 0x3a, 0x70, 0x18,
    0x0,

    /* U+66F4 "更" */
    0xff, 0xfc, 0x6, 0x0, 0xc, 0x3, 0xff, 0xc6,
    0x30, 0x8f, 0xff, 0x18, 0xc2, 0x31, 0x84, 0x7f,
    0xf8, 0x44, 0x0, 0x48, 0x0, 0x60, 0x3, 0xf0,
    0x1c, 0x1f, 0x80,

    /* U+6700 "最" */
    0x3f, 0xf0, 0x80, 0x43, 0xff, 0x8, 0x4, 0x3f,
    0xf0, 0x0, 0xf, 0xff, 0xd9, 0x80, 0x7f, 0xf9,
    0x9a, 0x27, 0xed, 0x19, 0x9c, 0xfe, 0x70, 0x1e,
    0x30,

    /* U+6709 "有" */
    0x4, 0x0, 0x10, 0xf, 0xff, 0xc2, 0x0, 0x18,
    0x0, 0xff, 0xc7, 0x1, 0x37, 0xfc, 0x90, 0x10,
    0x40, 0x41, 0xff, 0x4, 0x4, 0x10, 0x10, 0x43,
    0xc0,

    /* U+670D "服" */
    0x7d, 0xfc, 0x8b, 0x9, 0x16, 0x12, 0x2c, 0x27,
    0xd9, 0xc8, 0xb0, 0x11, 0x7f, 0x22, 0xe2, 0x7d,
    0xe4, 0x8b, 0x51, 0x16, 0x62, 0x2c, 0xc8, 0x5a,
    0xd3, 0xb8, 0xc0,

    /* U+671F "期" */
    0x62, 0x7d, 0x89, 0x1f, 0xf4, 0x58, 0x91, 0x7e,
    0x7d, 0x89, 0x16, 0x24, 0x5f, 0x91, 0x62, 0x7f,
    0xfd, 0x10, 0x4c, 0x59, 0x21, 0x42, 0x86, 0x6,
    0x70,

    /* U+672A "未" */
    0x3, 0x0, 0xc, 0x7, 0xff, 0x80, 0xc0, 0x3,
    0x0, 0xc, 0xf, 0xff, 0xc1, 0xe0, 0xf, 0x80,
    0x6d, 0x83, 0x33, 0x18, 0xc6, 0x83, 0xc, 0xc,
    0x0,

    /* U+672B "末" */
    0x3, 0x0, 0xc, 0xf, 0xff, 0xc0, 0xc0, 0x3,
    0x0, 0xc, 0x7, 0xff, 0x81, 0xe0, 0xf, 0xc0,
    0x6d, 0x83, 0x33, 0x18, 0xc6, 0x83, 0x4, 0xc,
    0x0,

    /* U+672C "本" */
    0x3, 0x0, 0xc, 0x0, 0x30, 0x3f, 0xff, 0x7,
    0x80, 0x2f, 0x1, 0xb4, 0x4, 0xc8, 0x33, 0x31,
    0x8c, 0x6d, 0xfe, 0xc0, 0xc0, 0x3, 0x0, 0xc,
    0x0,

    /* U+673A "机" */
    0x11, 0xf0, 0x22, 0x20, 0x44, 0x47, 0xe8, 0x83,
    0x11, 0x6, 0x22, 0xe, 0x44, 0x2c, 0x88, 0x55,
    0x11, 0x22, 0x22, 0x48, 0x48, 0x90, 0x91, 0x61,
    0x22, 0x83, 0xc0,

    /* U+6761 "条" */
    0x0, 0x0, 0x8, 0x0, 0x3f, 0xc0, 0xe1, 0x6,
    0x6c, 0x0, 0x70, 0x3, 0xb8, 0x7c, 0x1f, 0x1,
    0x0, 0x7f, 0xf0, 0x4, 0x0, 0x49, 0x1, 0x11,
    0xc, 0x21, 0x1, 0xc2, 0x0,

    /* U+677F "板" */
    0x20, 0x18, 0x8f, 0xc2, 0x20, 0x3e, 0x80, 0x33,
    0xf9, 0xce, 0x26, 0xa8, 0x99, 0xa4, 0xa6, 0xd2,
    0x91, 0xc2, 0x46, 0x9, 0x3c, 0x2d, 0x98, 0xac,
    0x30,

    /* U+6784 "构" */
    0x21, 0x0, 0x84, 0x2, 0x30, 0x3e, 0xff, 0x26,
    0x4, 0xd2, 0x17, 0x90, 0x5a, 0x59, 0xe3, 0x26,
    0x8f, 0x9a, 0x21, 0x48, 0x1, 0x20, 0xc, 0x80,
    0xe0,

    /* U+6790 "析" */
    0x30, 0x18, 0xc7, 0xc3, 0x10, 0x3f, 0x40, 0x31,
    0x0, 0xc7, 0xf7, 0x91, 0x1f, 0x44, 0x71, 0x12,
    0xc4, 0x4b, 0x31, 0xc, 0x84, 0x32, 0x10, 0xd8,
    0x40,

    /* U+679C "果" */
    0x3f, 0xf8, 0x8c, 0x62, 0x31, 0x8f, 0xfe, 0x23,
    0x18, 0x8c, 0x63, 0xff, 0x80, 0xc0, 0xff, 0xfc,
    0x1e, 0x0, 0xb4, 0xc, 0xcc, 0xe3, 0xc, 0xc,
    0x0,

    /* U+67E5 "查" */
    0x3, 0x0, 0xc, 0xf, 0xff, 0xc3, 0xe0, 0x1b,
    0x61, 0x8c, 0x69, 0xfe, 0x44, 0x8, 0x10, 0x20,
    0x7f, 0x81, 0x2, 0x7, 0xf8, 0x0, 0x3, 0xff,
    0xf0,

    /* U+67F1 "柱" */
    0x10, 0x60, 0x20, 0x40, 0x40, 0x87, 0xff, 0xf3,
    0x2, 0x7, 0x4, 0x16, 0x8, 0x2a, 0xfe, 0x50,
    0x21, 0x20, 0x42, 0x40, 0x80, 0x81, 0x1, 0x2,
    0x2, 0x7f, 0xc0,

    /* U+6807 "标" */
    0x10, 0x0, 0x23, 0xf8, 0x40, 0x7, 0xe0, 0x3,
    0x0, 0x6, 0x7f, 0xce, 0x8, 0x2a, 0x10, 0xd1,
    0x29, 0x22, 0x4a, 0x4c, 0x90, 0x91, 0x31, 0x2,
    0x22, 0x1c, 0x0,

    /* U+6821 "校" */
    0x10, 0x60, 0x20, 0x40, 0x4f, 0xfb, 0xe4, 0x1,
    0x8, 0xc7, 0x30, 0x8e, 0xe2, 0x9a, 0x44, 0x50,
    0x58, 0xa0, 0xe2, 0x40, 0x80, 0x82, 0xc1, 0x18,
    0xc2, 0x60, 0x40,

    /* U+6837 "样" */
    0x23, 0x8, 0x84, 0x62, 0x19, 0x3e, 0xff, 0x20,
    0x40, 0xc1, 0x6, 0xbf, 0x9a, 0x10, 0xa0, 0x42,
    0x9f, 0xf2, 0x4, 0x8, 0x10, 0x20, 0x40, 0x81,
    0x0,

    /* U+6838 "核" */
    0x20, 0x40, 0x81, 0x82, 0x7f, 0xfe, 0x30, 0x20,
    0x90, 0xc4, 0x47, 0x3e, 0x1a, 0x19, 0xa0, 0x8a,
    0x8c, 0x62, 0x3, 0x8, 0x36, 0x23, 0x8c, 0x98,
    0x10,

    /* U+683C "格" */
    0x10, 0xc0, 0x42, 0x21, 0x17, 0xbf, 0xe4, 0x32,
    0xf0, 0xe1, 0x83, 0xcf, 0x14, 0xc3, 0x57, 0xfa,
    0x44, 0x29, 0x10, 0x84, 0x42, 0x11, 0x8, 0x47,
    0xe0,

    /* U+6863 "档" */
    0x30, 0x40, 0xc9, 0x13, 0x24, 0xfe, 0x52, 0x31,
    0x58, 0xc1, 0x7, 0xbf, 0xdf, 0x1, 0x70, 0x6,
    0xcf, 0xfb, 0x0, 0x4c, 0x1, 0x37, 0xfc, 0xc0,
    0x10,

    /* U+68C0 "检" */
    0x20, 0x40, 0x41, 0x80, 0x82, 0x87, 0xc8, 0x82,
    0x20, 0xc7, 0xbe, 0x9c, 0x0, 0x35, 0x26, 0xa2,
    0x49, 0x42, 0x90, 0x84, 0x41, 0x0, 0x82, 0x7f,
    0xc4, 0x0, 0x0,

    /* U+6A21 "模" */
    0x21, 0x10, 0x4f, 0xf8, 0x84, 0x47, 0xdf, 0xc3,
    0x20, 0x86, 0x7f, 0x1a, 0x82, 0x35, 0xfc, 0x60,
    0xc1, 0x41, 0x82, 0x9f, 0xf1, 0x5, 0x2, 0x31,
    0x84, 0xc1, 0x80,

    /* U+6B21 "次" */
    0x2, 0x2, 0x8, 0xc, 0x20, 0xd, 0xfe, 0x4,
    0x8, 0x32, 0x20, 0x89, 0x0, 0x20, 0x30, 0x80,
    0x87, 0x4, 0x14, 0x30, 0xc8, 0x86, 0x30, 0x30,
    0x71, 0x0, 0x0,

    /* U+6B62 "止" */
    0x1, 0x0, 0x4, 0x0, 0x10, 0x8, 0x40, 0x21,
    0x0, 0x87, 0xe2, 0x10, 0x8, 0x40, 0x21, 0x0,
    0x84, 0x2, 0x10, 0x8, 0x40, 0xff, 0xfc,

    /* U+6B63 "正" */
    0x7f, 0xfc, 0x4, 0x0, 0x10, 0x8, 0x40, 0x21,
    0x0, 0x87, 0xe2, 0x10, 0x8, 0x40, 0x21, 0x0,
    0x84, 0x2, 0x10, 0x3f, 0xff,

    /* U+6B64 "此" */
    0x8, 0x80, 0x22, 0x0, 0x88, 0x12, 0x20, 0x48,
    0x9d, 0x3b, 0xc4, 0x8c, 0x12, 0x20, 0x48, 0x81,
    0x22, 0x4, 0x88, 0x52, 0x21, 0x4e, 0x87, 0xe3,
    0xe0,

    /* U+6B65 "步" */
    0x3, 0x0, 0xcf, 0xe3, 0x30, 0xc, 0xc0, 0x33,
    0x3, 0xff, 0xf0, 0x30, 0x6, 0xc6, 0x33, 0x11,
    0x8c, 0x84, 0x3c, 0x0, 0x60, 0xf, 0x3, 0xe0,
    0x8, 0x0, 0x0,

    /* U+6BB5 "段" */
    0x4, 0x0, 0xf3, 0xc4, 0x9, 0x10, 0x24, 0x40,
    0x91, 0xf6, 0x44, 0x11, 0xd0, 0x0, 0x7d, 0xf9,
    0x6, 0x24, 0x9, 0x3f, 0x1c, 0xc0, 0x61, 0x3,
    0xc4, 0x30, 0xc0,

    /* U+6BCF "每" */
    0x0, 0x0, 0x30, 0x0, 0x7f, 0xf1, 0x0, 0x6,
    0x0, 0x1b, 0xff, 0x4, 0x82, 0x8, 0xc4, 0x10,
    0x89, 0xff, 0xfc, 0x98, 0x21, 0xc, 0xc3, 0xff,
    0xc0, 0x2, 0x0, 0x3c, 0x0,

    /* U+6BD4 "比" */
    0x41, 0x1, 0x4, 0x4, 0x10, 0x10, 0x42, 0x41,
    0x19, 0xf5, 0xc4, 0x1c, 0x10, 0x40, 0x41, 0x1,
    0x4, 0x4, 0x10, 0x51, 0x41, 0x7d, 0x7, 0x87,
    0xe0,

    /* U+6BEB "毫" */
    0x3, 0x3, 0xff, 0xf0, 0x0, 0xf, 0xfc, 0x20,
    0x10, 0xff, 0xc0, 0x0, 0x3f, 0xff, 0xbf, 0x84,
    0xf, 0xc3, 0xe0, 0x3f, 0xfe, 0x2, 0x4, 0xf,
    0xf0,

    /* U+6C38 "永" */
    0xe, 0x0, 0x3, 0x80, 0x1, 0x0, 0xf8, 0x0,
    0x10, 0x40, 0x31, 0x3f, 0x6c, 0x4, 0xf0, 0x9,
    0x40, 0x32, 0xc0, 0xc4, 0xc3, 0x8, 0xcc, 0x10,
    0x40, 0xe0, 0x0,

    /* U+6CA1 "没" */
    0x71, 0xf0, 0x32, 0x20, 0x4, 0x40, 0x8, 0x84,
    0x21, 0xee, 0xc0, 0x5, 0x0, 0x3, 0xfc, 0x2,
    0x8, 0x22, 0x20, 0x46, 0xc1, 0x7, 0x2, 0x1f,
    0x9, 0xe3, 0xc0, 0x0, 0x0,

    /* U+6CC4 "泄" */
    0x62, 0x48, 0x64, 0x90, 0x9, 0x20, 0x12, 0x44,
    0xff, 0xee, 0x49, 0x0, 0x92, 0x1, 0x24, 0x12,
    0x48, 0x24, 0xf0, 0x88, 0x3, 0x10, 0x4, 0x3f,
    0xe0, 0x0, 0x0,

    /* U+6CD5 "法" */
    0x60, 0x60, 0x30, 0xc0, 0xf, 0xf0, 0x3, 0xe,
    0x6, 0x6, 0xc, 0x1, 0xff, 0x80, 0x60, 0x18,
    0x80, 0x23, 0x30, 0xc4, 0x31, 0x11, 0xe4, 0x3e,
    0x60, 0x0, 0x40,

    /* U+6CE2 "波" */
    0x40, 0x40, 0x60, 0x80, 0x1f, 0xf0, 0x22, 0x2c,
    0x44, 0xcc, 0x88, 0x1, 0xfe, 0x2, 0x84, 0x5,
    0x18, 0x69, 0x20, 0x93, 0x83, 0x43, 0x4, 0x9b,
    0x8b, 0xe1, 0xc0,

    /* U+6CE8 "注" */
    0x40, 0xc0, 0x60, 0x80, 0x41, 0x80, 0x3f, 0xf8,
    0x4, 0xc, 0x8, 0x0, 0x10, 0x3, 0xfe, 0x10,
    0x40, 0x60, 0x80, 0x81, 0x3, 0x2, 0x4, 0x4,
    0x19, 0xff, 0xc0,

    /* U+6D3B "活" */
    0x0, 0x9, 0x87, 0xe3, 0x74, 0x0, 0x10, 0x0,
    0x42, 0x3f, 0xf6, 0x4, 0x8, 0x10, 0x0, 0x40,
    0x5f, 0xe2, 0x40, 0x89, 0x2, 0x44, 0xb, 0x10,
    0x28, 0x7f, 0x80,

    /* U+6D41 "流" */
    0x40, 0x81, 0x83, 0x2, 0xff, 0xc0, 0x40, 0x82,
    0x11, 0xbf, 0xe2, 0x0, 0x41, 0x24, 0x14, 0x90,
    0x92, 0x42, 0x49, 0x11, 0x25, 0xcc, 0x96, 0x20,
    0x70,

    /* U+6D4B "测" */
    0xcf, 0x84, 0xa2, 0x50, 0xa9, 0x42, 0xa5, 0xca,
    0x95, 0xaa, 0x50, 0xa9, 0x42, 0xa5, 0x2a, 0x94,
    0xaa, 0x54, 0x20, 0x51, 0x41, 0xcc, 0x86, 0x62,
    0x70,

    /* U+6D6E "浮" */
    0x40, 0x19, 0xdf, 0x81, 0x8, 0x81, 0x26, 0x2,
    0xd3, 0x8, 0x46, 0x7f, 0x80, 0xc, 0x0, 0x60,
    0x3, 0x2, 0xff, 0xc8, 0x30, 0x40, 0xc3, 0x3,
    0x0, 0x1c, 0x0,

    /* U+6D88 "消" */
    0x44, 0x44, 0xc8, 0x88, 0x9, 0x30, 0x2, 0x8,
    0x7f, 0xcc, 0x80, 0x89, 0x1, 0x3, 0xfe, 0x4,
    0x4, 0x48, 0x8, 0x9f, 0xf2, 0x20, 0x2c, 0x40,
    0x40, 0x87, 0x80,

    /* U+6DFB "添" */
    0x40, 0x0, 0xef, 0xf8, 0x43, 0x0, 0x4, 0x0,
    0x8, 0x1, 0xff, 0xd8, 0x44, 0x1, 0x44, 0xc,
    0x86, 0x15, 0x10, 0x8a, 0x91, 0x24, 0xb6, 0xc9,
    0x28, 0x10, 0x10, 0xe0, 0x0,

    /* U+6E05 "清" */
    0x40, 0x40, 0x6f, 0xf8, 0x1, 0x0, 0x3f, 0xe0,
    0x4, 0x1d, 0xff, 0xc8, 0x0, 0x3, 0xfe, 0x4,
    0xc, 0x2f, 0xf8, 0x90, 0x31, 0x3f, 0xe4, 0x40,
    0xc8, 0x87, 0x0,

    /* U+6E29 "温" */
    0x0, 0x1, 0x9f, 0xc3, 0x41, 0x1, 0x4, 0x7,
    0xf2, 0x10, 0x46, 0x7f, 0x0, 0x0, 0x0, 0x0,
    0x3f, 0xe2, 0x94, 0x8a, 0x52, 0x49, 0x49, 0x25,
    0x29, 0xff, 0xc0,

    /* U+6E7F "湿" */
    0x0, 0x0, 0xe7, 0xf8, 0x68, 0x10, 0x10, 0x20,
    0x3f, 0xc8, 0x40, 0x8c, 0xff, 0x0, 0x0, 0x0,
    0x90, 0x9, 0x2c, 0x5a, 0x51, 0x94, 0xa2, 0x29,
    0x8c, 0x12, 0x13, 0xff, 0x80,

    /* U+6E90 "源" */
    0x0, 0x0, 0xef, 0xfc, 0x50, 0x80, 0x21, 0x0,
    0x5f, 0xc8, 0xa0, 0x99, 0x41, 0x12, 0xfe, 0x5,
    0x4, 0xb, 0xf8, 0x50, 0x81, 0x69, 0x62, 0x92,
    0x49, 0x44, 0x54, 0x38, 0x0,

    /* U+6EA2 "溢" */
    0xc4, 0x11, 0x88, 0x80, 0x22, 0x7, 0xff, 0x80,
    0x1, 0x8, 0xc2, 0xc1, 0x82, 0x2, 0xf, 0xf8,
    0xa5, 0x24, 0x94, 0x92, 0x52, 0x49, 0x4a, 0x7f,
    0xf0,

    /* U+6ED1 "滑" */
    0x67, 0xf8, 0x2c, 0x10, 0x1f, 0x20, 0x32, 0x4c,
    0xff, 0xed, 0x0, 0xca, 0x1, 0x83, 0xfc, 0x6,
    0x8, 0x2f, 0xf0, 0x98, 0x23, 0x3f, 0xc4, 0x60,
    0x88, 0xc7, 0x0,

    /* U+6EE1 "满" */
    0x41, 0x10, 0x7f, 0xfc, 0x4, 0x40, 0x0, 0x0,
    0xff, 0xfc, 0x12, 0xb, 0xff, 0x86, 0x93, 0x1d,
    0x36, 0x5b, 0x6c, 0xbd, 0xba, 0x72, 0x34, 0xc0,
    0x61, 0x83, 0x80,

    /* U+6F0F "漏" */
    0xcf, 0xf9, 0xa0, 0x20, 0x80, 0x83, 0xfe, 0x88,
    0x3, 0xbf, 0xf0, 0x84, 0x3, 0xfe, 0xc, 0x49,
    0xb5, 0x65, 0xc4, 0x95, 0x56, 0x94, 0x4a, 0x11,
    0x60,

    /* U+6F14 "演" */
    0x0, 0x81, 0x82, 0x2, 0xff, 0xc2, 0x1, 0x8,
    0x6, 0x1f, 0xcc, 0x8, 0x3, 0xfe, 0x8, 0x88,
    0xbf, 0xe2, 0x88, 0x9b, 0xfe, 0x42, 0x23, 0x18,
    0x60, 0x80, 0xc0,

    /* U+706F "灯" */
    0x10, 0x0, 0x23, 0xfc, 0x40, 0x42, 0x90, 0x85,
    0x41, 0xa, 0x82, 0x24, 0x4, 0x8, 0x8, 0x10,
    0x10, 0x30, 0x20, 0xf0, 0x41, 0x30, 0x86, 0x1,
    0x18, 0x1e, 0x0,

    /* U+70B9 "点" */
    0x3, 0x0, 0xf, 0xf0, 0x30, 0x0, 0xc0, 0x3f,
    0xf8, 0x80, 0x22, 0x0, 0x88, 0x2, 0x3f, 0xf8,
    0x0, 0x2, 0x48, 0x99, 0x13, 0x44, 0x44, 0x11,
    0x10,

    /* U+7167 "照" */
    0x7d, 0xfc, 0x88, 0x89, 0x11, 0x12, 0x2c, 0xe7,
    0xd0, 0x8, 0xbf, 0x91, 0x41, 0x22, 0x82, 0x7d,
    0x4, 0x83, 0xf8, 0x81, 0x21, 0x32, 0x26, 0x26,
    0x58, 0x44, 0x40,

    /* U+7247 "片" */
    0x20, 0x81, 0x4, 0x8, 0x20, 0x41, 0x3, 0xff,
    0x90, 0x0, 0x80, 0x4, 0x0, 0x3f, 0xe1, 0x1,
    0x18, 0x8, 0x80, 0x4c, 0x2, 0x40, 0x10,

    /* U+7248 "版" */
    0x48, 0x7c, 0x93, 0x1, 0x24, 0x2, 0x48, 0x7,
    0xdf, 0xc8, 0x28, 0x90, 0x53, 0x3c, 0xa4, 0x49,
    0x68, 0x92, 0x61, 0x24, 0xc2, 0x49, 0xc8, 0xac,
    0xd1, 0x50, 0x80,

    /* U+72B6 "状" */
    0x10, 0x80, 0x42, 0x49, 0x8, 0x94, 0x20, 0x17,
    0xfc, 0x42, 0x1, 0xc, 0xc, 0x70, 0x51, 0x42,
    0x44, 0x81, 0x32, 0x4, 0x84, 0x14, 0x18, 0x70,
    0x20,

    /* U+72EC "独" */
    0x80, 0x41, 0x41, 0x7, 0x4, 0x19, 0xfe, 0xf4,
    0x4a, 0x51, 0x21, 0x44, 0x8d, 0x12, 0x77, 0xfb,
    0x41, 0x9, 0x5, 0x84, 0x12, 0x3f, 0xff, 0xb0,
    0x10,

    /* U+73AF "环" */
    0xfb, 0xfc, 0x81, 0x82, 0x4, 0x8, 0x30, 0xf0,
    0xd0, 0x85, 0x62, 0x34, 0xc9, 0x91, 0x28, 0x41,
    0xe1, 0xc, 0x4, 0x0, 0x10, 0x0, 0x40,

    /* U+73B0 "现" */
    0x3, 0xfb, 0xe8, 0x22, 0x20, 0x88, 0x92, 0x22,
    0x4b, 0xe9, 0x22, 0x24, 0x88, 0x92, 0x20, 0x40,
    0x82, 0x83, 0x8a, 0x78, 0x49, 0x2, 0x24, 0x30,
    0xf0,

    /* U+7406 "理" */
    0x3, 0xfd, 0xf4, 0x88, 0x89, 0x11, 0x1f, 0xe2,
    0x24, 0x5e, 0x48, 0x88, 0xff, 0x10, 0x20, 0x20,
    0x40, 0x57, 0xf8, 0xe1, 0x7, 0x2, 0x8, 0x4,
    0x1, 0xff, 0xc0,

    /* U+7528 "用" */
    0x3f, 0xfc, 0x84, 0x12, 0x10, 0x4f, 0xff, 0x21,
    0x4, 0x84, 0x12, 0x10, 0x4f, 0xff, 0x21, 0x4,
    0x84, 0x14, 0x10, 0x50, 0x41, 0xc1, 0x3c,

    /* U+7531 "由" */
    0x2, 0x0, 0x10, 0x0, 0x81, 0xff, 0xf8, 0x20,
    0xc1, 0x6, 0x8, 0x3f, 0xff, 0x82, 0xc, 0x10,
    0x60, 0x83, 0x4, 0x1f, 0xff, 0xc0, 0x4,

    /* U+7535 "电" */
    0x4, 0x0, 0x10, 0xf, 0xff, 0x21, 0x4, 0x84,
    0x13, 0xff, 0xc8, 0x41, 0x21, 0x4, 0x84, 0x13,
    0xff, 0xc8, 0x40, 0x81, 0x2, 0x4, 0x8, 0x1f,
    0xe0,

    /* U+754C "界" */
    0x3f, 0xf8, 0x42, 0x10, 0x84, 0x21, 0xff, 0xc2,
    0x10, 0x87, 0xff, 0x1, 0x18, 0x6, 0x18, 0x30,
    0x39, 0xd8, 0x5c, 0x30, 0x80, 0x41, 0x1, 0x82,
    0x6, 0x4, 0x0,

    /* U+7559 "留" */
    0x4, 0x3, 0xcf, 0xd0, 0x12, 0x90, 0x94, 0x44,
    0xa2, 0x45, 0xfa, 0x28, 0x27, 0x0, 0x1, 0xff,
    0x88, 0x44, 0x7f, 0xe2, 0x11, 0x10, 0x88, 0xff,
    0xc0,

    /* U+767D "白" */
    0x0, 0x1, 0x80, 0x20, 0x7f, 0xf8, 0x3, 0x0,
    0x60, 0xc, 0x1, 0xff, 0xf0, 0x6, 0x0, 0xc0,
    0x18, 0x3, 0xff, 0xe0, 0x8,

    /* U+7684 "的" */
    0x20, 0x1, 0xc, 0x8, 0x41, 0xf3, 0xf8, 0xb0,
    0xc5, 0x6, 0x38, 0x31, 0x21, 0xf8, 0x8c, 0x46,
    0x62, 0x1b, 0x10, 0x18, 0x80, 0xfc, 0xa, 0x3,
    0xc0,

    /* U+76D1 "监" */
    0x48, 0x41, 0x23, 0x4, 0x8f, 0xd2, 0x60, 0x49,
    0x61, 0x28, 0xe0, 0x80, 0x80, 0x0, 0x3f, 0xf8,
    0x92, 0x62, 0x49, 0x89, 0x26, 0x24, 0x9b, 0xff,
    0xf0,

    /* U+76D6 "盖" */
    0x8, 0x30, 0x18, 0x41, 0xff, 0xf0, 0x8, 0x3,
    0xff, 0x80, 0x20, 0x3f, 0xff, 0x80, 0x0, 0x0,
    0x0, 0x7f, 0xf0, 0x91, 0x21, 0x22, 0x42, 0x44,
    0x9f, 0xff, 0xc0,

    /* U+76D8 "盘" */
    0x2, 0x0, 0xff, 0xc3, 0x21, 0xc, 0x44, 0xff,
    0xfc, 0x80, 0x42, 0x31, 0x18, 0x5c, 0x40, 0x20,
    0xff, 0xc2, 0x49, 0x9, 0x24, 0x24, 0x93, 0xff,
    0xf0,

    /* U+76EE "目" */
    0xff, 0xf0, 0x6, 0x0, 0xc0, 0x1f, 0xff, 0x0,
    0x60, 0xc, 0x1, 0xff, 0xf0, 0x6, 0x0, 0xc0,
    0x1f, 0xff, 0x0, 0x40,

    /* U+76F4 "直" */
    0x1, 0x0, 0x2, 0x3, 0xff, 0xf0, 0x18, 0x3,
    0xff, 0x86, 0x3, 0xc, 0x6, 0x1f, 0xfc, 0x30,
    0x18, 0x7f, 0xf0, 0xc0, 0x61, 0xff, 0xc3, 0x1,
    0x86, 0x3, 0x3f, 0xff, 0x80,

    /* U+771F "真" */
    0x3, 0x3, 0xff, 0xf0, 0x20, 0xf, 0xfc, 0x20,
    0x10, 0xff, 0xc3, 0xff, 0x8, 0x4, 0x3f, 0xf0,
    0x80, 0x4f, 0xff, 0xc2, 0x10, 0x38, 0x33, 0x80,
    0x30,

    /* U+7720 "眠" */
    0xf3, 0xf9, 0x24, 0x12, 0x48, 0x24, 0x90, 0x4f,
    0x3f, 0x92, 0x48, 0x24, 0x90, 0x79, 0xfe, 0x92,
    0x41, 0x24, 0x82, 0x48, 0x87, 0x91, 0x20, 0x6d,
    0x40, 0xe1, 0x80,

    /* U+7761 "睡" */
    0x0, 0x13, 0xdf, 0x89, 0xc, 0x24, 0x30, 0x97,
    0xff, 0xdf, 0xf9, 0x2d, 0x27, 0xff, 0xf2, 0xd2,
    0x4b, 0x49, 0x2d, 0x25, 0xff, 0xf0, 0xc0, 0x3,
    0x0, 0x7f, 0x80,

    /* U+77E5 "知" */
    0x20, 0x1, 0x83, 0xf7, 0xfc, 0x52, 0x31, 0x88,
    0xc4, 0x23, 0x1f, 0xfc, 0x46, 0x31, 0x18, 0xc4,
    0x53, 0x13, 0x6c, 0x48, 0xff, 0x60, 0xc7, 0x3,
    0x10,

    /* U+7801 "码" */
    0xfb, 0xf8, 0x80, 0x66, 0x11, 0x90, 0x44, 0x41,
    0x11, 0xe4, 0x4f, 0x91, 0x32, 0xff, 0xc8, 0x5,
    0x20, 0x14, 0xff, 0xde, 0x2, 0x40, 0x8, 0x0,
    0xe0,

    /* U+7814 "研" */
    0xfd, 0xfe, 0x41, 0x10, 0x82, 0x23, 0x4, 0x44,
    0x8, 0x8f, 0x91, 0x31, 0xff, 0xe2, 0x44, 0x44,
    0x88, 0x89, 0x11, 0x12, 0x23, 0xe8, 0x44, 0x10,
    0x80, 0x41, 0x0,

    /* U+786E "确" */
    0x1, 0x83, 0xe4, 0x2, 0x1f, 0x18, 0x8c, 0x46,
    0x21, 0x1f, 0xf7, 0xa4, 0x72, 0xff, 0xca, 0x45,
    0x29, 0x14, 0xbf, 0xd2, 0x91, 0x7a, 0x45, 0x11,
    0x14, 0xc5, 0xc0,

    /* U+793A "示" */
    0x7f, 0xf8, 0x0, 0x0, 0x0, 0x0, 0x0, 0xff,
    0xfc, 0xc, 0x0, 0x30, 0xc, 0xcc, 0x23, 0x11,
    0x8c, 0x2c, 0x30, 0xe0, 0xc0, 0xe, 0x0,

    /* U+79BB "离" */
    0x0, 0x0, 0x8, 0xf, 0xff, 0xc2, 0x0, 0x27,
    0x90, 0x9e, 0x42, 0x85, 0xf, 0xfc, 0x2, 0x1,
    0xff, 0xe4, 0x48, 0x92, 0x12, 0x5f, 0xe9, 0x0,
    0x24, 0x3, 0x80,

    /* U+79D2 "秒" */
    0x8, 0x43, 0xc1, 0x1, 0x15, 0x4, 0x52, 0xfd,
    0x48, 0xc9, 0x33, 0xa4, 0x4e, 0x90, 0x54, 0x49,
    0x41, 0x69, 0x3, 0x4, 0x18, 0x11, 0xc0, 0x58,
    0x0,

    /* U+79FB "移" */
    0x0, 0x0, 0x78, 0xc3, 0x43, 0xf0, 0x8c, 0x61,
    0x2d, 0x9f, 0x8e, 0xc, 0x74, 0x1d, 0xd8, 0x78,
    0x7e, 0xa9, 0x8f, 0x4d, 0x14, 0x81, 0x41, 0x3,
    0x2, 0x1c, 0x4, 0xc0, 0x0,

    /* U+7A0B "程" */
    0x3d, 0xfd, 0xa2, 0x8, 0x44, 0x10, 0x88, 0x2f,
    0xdf, 0xc6, 0x0, 0xc, 0x0, 0x1d, 0xff, 0x54,
    0x21, 0xa8, 0x42, 0x47, 0xf0, 0x81, 0x1, 0x2,
    0x2, 0xff, 0xc0,

    /* U+7A7A "空" */
    0x6, 0x0, 0x10, 0x3f, 0xff, 0x0, 0x18, 0x88,
    0xcc, 0x31, 0x80, 0xd8, 0x0, 0x3f, 0xf0, 0x10,
    0x0, 0x80, 0x4, 0x0, 0x20, 0x7f, 0xfc,

    /* U+7A81 "突" */
    0x2, 0x0, 0xc, 0xf, 0xff, 0xf0, 0x3, 0xc8,
    0xcc, 0xc0, 0xc6, 0x31, 0x80, 0xd0, 0x2, 0x23,
    0xff, 0xf0, 0x30, 0x1, 0x20, 0xc, 0xc0, 0xe1,
    0xce, 0x1, 0xc0,

    /* U+7A97 "窗" */
    0x2, 0x7, 0xff, 0xe2, 0x23, 0x20, 0xde, 0x41,
    0xbf, 0xf9, 0x0, 0x49, 0x82, 0x4f, 0xd2, 0x84,
    0x91, 0xc4, 0x8d, 0xa5, 0x81, 0x3f, 0xf8,

    /* U+7AEF "端" */
    0x66, 0x44, 0x4c, 0x88, 0x99, 0x17, 0xff, 0xe0,
    0x80, 0xa, 0xff, 0xd4, 0x10, 0x28, 0x20, 0x57,
    0xfc, 0xad, 0x48, 0x7a, 0x97, 0xb5, 0x20, 0x6a,
    0x40, 0xd5, 0x80,

    /* U+7B26 "符" */
    0x0, 0x1, 0x82, 0x7, 0xdf, 0xf4, 0xc8, 0x96,
    0x30, 0x40, 0x42, 0x1, 0x1b, 0xff, 0x60, 0x13,
    0x90, 0x4a, 0x21, 0x8, 0xc4, 0x20, 0x10, 0x80,
    0x42, 0xe, 0x0,

    /* U+7B2C "第" */
    0x30, 0x40, 0xff, 0xf4, 0x89, 0x31, 0x44, 0x7f,
    0xf8, 0x4, 0x20, 0x10, 0x8f, 0xfe, 0x21, 0x1,
    0xff, 0xf0, 0x70, 0x83, 0x42, 0x11, 0x9, 0x84,
    0xe0,

    /* U+7B49 "等" */
    0x20, 0xc0, 0xfd, 0xfd, 0x46, 0xc4, 0x48, 0x83,
    0xff, 0x80, 0x20, 0x0, 0x40, 0x7f, 0xff, 0x0,
    0x20, 0xff, 0xfc, 0x60, 0x80, 0x61, 0x0, 0x62,
    0x0, 0x1c, 0x0,

    /* U+7B80 "简" */
    0x20, 0x81, 0xfb, 0xf4, 0x93, 0x2, 0x4, 0x2f,
    0xf8, 0x40, 0x24, 0x0, 0x93, 0xf2, 0x48, 0x49,
    0x3f, 0x24, 0x84, 0x93, 0xf2, 0x40, 0x9, 0x0,
    0xe0,

    /* U+7BA1 "管" */
    0x20, 0x41, 0xfb, 0xf4, 0x99, 0x0, 0x44, 0x7f,
    0xfd, 0x0, 0x15, 0xff, 0x44, 0x4, 0x1f, 0xf0,
    0x40, 0x1, 0xff, 0x84, 0x2, 0x10, 0x8, 0x7f,
    0xe0,

    /* U+7C7B "类" */
    0x23, 0x10, 0xcc, 0xc1, 0x36, 0x3f, 0xff, 0x7,
    0x80, 0x6d, 0x87, 0x31, 0xa0, 0xc0, 0x2, 0x3,
    0xff, 0xf0, 0x78, 0x3, 0x30, 0x38, 0x73, 0x80,
    0x70,

    /* U+7C98 "粘" */
    0x10, 0x21, 0x24, 0x41, 0x58, 0x82, 0xa1, 0xf1,
    0x2, 0x1f, 0xc4, 0x4, 0x8, 0x1c, 0xfe, 0x75,
    0x4, 0xa6, 0xa, 0x44, 0x14, 0x88, 0x21, 0x1f,
    0xc2, 0x20, 0x80,

    /* U+7CFB "系" */
    0x1, 0xf7, 0xf0, 0x2, 0x10, 0x21, 0x87, 0xf0,
    0x3, 0x20, 0x61, 0x87, 0xfe, 0xfe, 0x18, 0x12,
    0xc, 0x98, 0xc4, 0x6c, 0x21, 0x87, 0x0,

    /* U+7EA2 "红" */
    0x0, 0x0, 0x20, 0x0, 0xcf, 0xf9, 0x1, 0x6,
    0x42, 0x1b, 0x4, 0x3e, 0x8, 0x18, 0x10, 0x20,
    0x20, 0xf8, 0x43, 0x0, 0x80, 0x1, 0x1, 0xc2,
    0x1e, 0x7f, 0xc0,

    /* U+7EBF "线" */
    0x10, 0x50, 0x20, 0x90, 0xc1, 0x1, 0x7, 0xe4,
    0xd4, 0x1f, 0x8, 0x4, 0x1f, 0x11, 0xe0, 0x7c,
    0x64, 0xc0, 0x50, 0x0, 0xc0, 0xe3, 0x86, 0x19,
    0x20, 0x41, 0x80,

    /* U+7EC4 "组" */
    0x10, 0x0, 0xc7, 0xe2, 0x11, 0x98, 0x46, 0x49,
    0x1b, 0xe7, 0xe9, 0x11, 0x8c, 0x46, 0x61, 0x1b,
    0x64, 0x6f, 0x1f, 0x80, 0x46, 0x19, 0x1b, 0x84,
    0x60, 0x7f, 0xc0,

    /* U+7ECF "经" */
    0x10, 0x0, 0xcf, 0xe2, 0x1, 0x18, 0xc, 0x48,
    0x62, 0x63, 0x8f, 0x39, 0x8d, 0x83, 0x60, 0x1,
    0x6f, 0xee, 0x4, 0x0, 0x10, 0x18, 0x43, 0xc1,
    0x0, 0x7f, 0xc0,

    /* U+7ED1 "绑" */
    0x31, 0x3e, 0x42, 0x6c, 0x9f, 0xd2, 0x49, 0xa5,
    0x93, 0xde, 0x7f, 0xc, 0x4d, 0x10, 0x9b, 0x59,
    0x33, 0xef, 0xe4, 0x4, 0xc9, 0xd9, 0xec, 0x23,
    0x0, 0x86, 0x0,

    /* U+7ED3 "结" */
    0x10, 0x20, 0x60, 0x40, 0x8f, 0xfa, 0x61, 0xf,
    0x82, 0x1b, 0x7f, 0xcc, 0x0, 0x30, 0x0, 0xfd,
    0xfd, 0x82, 0x8, 0x4, 0x10, 0x68, 0x2f, 0xd0,
    0x58, 0x3f, 0x80,

    /* U+7ED9 "给" */
    0x10, 0x60, 0x20, 0xc0, 0xc3, 0xc1, 0x24, 0xc4,
    0xd0, 0x9f, 0x7e, 0x84, 0x0, 0x18, 0x0, 0x6d,
    0xf8, 0xe2, 0x10, 0x4, 0x21, 0xe8, 0x44, 0x1f,
    0x80, 0x21, 0x0,

    /* U+7EDC "络" */
    0x0, 0x40, 0x21, 0x0, 0xc3, 0xf1, 0xc, 0x26,
    0xe8, 0x8b, 0x4a, 0x3c, 0x1c, 0x18, 0xee, 0x23,
    0x7, 0xf3, 0xf8, 0x4, 0x10, 0x28, 0x23, 0xd0,
    0x58, 0x3f, 0x80, 0x41, 0x0,

    /* U+7EDF "统" */
    0x10, 0x60, 0x60, 0x40, 0x8f, 0xfb, 0x62, 0x4,
    0x88, 0x9f, 0x31, 0x84, 0xff, 0x90, 0x49, 0x78,
    0x91, 0xc1, 0x20, 0x6, 0x40, 0xe8, 0x9e, 0x31,
    0x20, 0xc3, 0xc0,

    /* U+7EFF "绿" */
    0x0, 0x0, 0x63, 0xf8, 0x80, 0x11, 0x0, 0x24,
    0x9f, 0xd9, 0x0, 0xbc, 0xff, 0x98, 0x10, 0x61,
    0x26, 0xf1, 0x5b, 0x1, 0xc0, 0x7, 0x43, 0xb2,
    0x58, 0x44, 0x40, 0x18, 0x0,

    /* U+7F13 "缓" */
    0x10, 0x4, 0x67, 0xf0, 0x89, 0x11, 0xa, 0x64,
    0x92, 0x99, 0x7f, 0xfc, 0x20, 0x1b, 0xff, 0x21,
    0x80, 0xf3, 0xfb, 0x6, 0x20, 0x1e, 0xc3, 0xa7,
    0x18, 0x8f, 0x2, 0x63, 0x80,

    /* U+7F16 "编" */
    0x0, 0x20, 0xc0, 0x82, 0x3f, 0xd8, 0xc1, 0x4b,
    0x6, 0xcf, 0xfd, 0x30, 0x8, 0xff, 0x63, 0xb5,
    0xee, 0xde, 0x3b, 0x41, 0xff, 0x3f, 0xb7, 0x16,
    0xd0, 0x18, 0x40,

    /* U+7F51 "网" */
    0xff, 0xfc, 0x0, 0x61, 0x1b, 0x8, 0x9a, 0xd4,
    0xcc, 0xe6, 0x63, 0x31, 0x19, 0x94, 0xec, 0xbd,
    0x68, 0x4b, 0xc4, 0x18, 0x0, 0xc0, 0x3c,

    /* U+7F6E "置" */
    0x7f, 0xf9, 0x12, 0x27, 0xff, 0x80, 0x80, 0xff,
    0xfc, 0x8, 0x3, 0xff, 0x8, 0x4, 0x3f, 0xf0,
    0x80, 0x43, 0xff, 0xf, 0xfc, 0x20, 0x13, 0xff,
    0xf0,

    /* U+7F72 "署" */
    0x7f, 0xf9, 0x12, 0x24, 0x48, 0x9f, 0xfe, 0x2,
    0x0, 0xff, 0xe0, 0x26, 0x3f, 0xff, 0x7, 0x0,
    0xff, 0xef, 0x1, 0x87, 0xfe, 0x10, 0x18, 0x7f,
    0xe0,

    /* U+8017 "耗" */
    0x10, 0x3b, 0xf7, 0x81, 0x34, 0x4, 0x10, 0x78,
    0x78, 0x4f, 0x81, 0x24, 0x3f, 0x10, 0x30, 0x7d,
    0x6f, 0x5, 0x44, 0x24, 0x11, 0x10, 0x44, 0x41,
    0xf0,

    /* U+804C "职" */
    0xfc, 0x0, 0x93, 0xf9, 0x24, 0x12, 0x48, 0x27,
    0x90, 0x49, 0x20, 0x92, 0x41, 0x3c, 0xfe, 0x48,
    0x0, 0x91, 0x11, 0xf2, 0x26, 0x4c, 0x20, 0xb0,
    0x41, 0x40, 0x40,

    /* U+8054 "联" */
    0xfd, 0x8c, 0x91, 0x91, 0x21, 0x42, 0x5f, 0xe7,
    0x82, 0x9, 0x4, 0x12, 0x8, 0x3d, 0xff, 0x48,
    0x20, 0x90, 0xe1, 0xf1, 0x46, 0x46, 0x40, 0x98,
    0xc1, 0x40, 0xc0,

    /* U+80FD "能" */
    0x30, 0x40, 0x48, 0x99, 0x9, 0xe7, 0xf2, 0x0,
    0x4, 0x20, 0x8, 0x5f, 0x9f, 0xa1, 0x20, 0x7e,
    0x44, 0x84, 0xf9, 0xf9, 0x2, 0x12, 0x14, 0x24,
    0x29, 0xcf, 0xc0,

    /* U+81EA "自" */
    0xc, 0x1, 0x3, 0xff, 0xc0, 0x18, 0x3, 0xff,
    0xe0, 0xc, 0x1, 0x80, 0x3f, 0xfe, 0x0, 0xc0,
    0x1f, 0xff, 0x0, 0x40,

    /* U+8272 "色" */
    0xc, 0x0, 0x1f, 0xc0, 0x41, 0x1, 0x4, 0xf,
    0xff, 0x94, 0x21, 0x8, 0x42, 0x10, 0x84, 0x3f,
    0xf8, 0x40, 0x10, 0x80, 0x11, 0x0, 0x32, 0x0,
    0x43, 0xff, 0x80,

    /* U+8282 "节" */
    0x8, 0x43, 0xff, 0xf0, 0x84, 0x2, 0x10, 0x8,
    0x41, 0xff, 0xc0, 0x41, 0x1, 0x4, 0x4, 0x10,
    0x10, 0x40, 0x41, 0x1, 0x1c, 0x4, 0x0, 0x10,
    0x0,

    /* U+82E5 "若" */
    0x8, 0x43, 0xff, 0xf0, 0x84, 0x2, 0x90, 0x6,
    0x3, 0xff, 0xf0, 0xc0, 0x2, 0x0, 0x1f, 0xf9,
    0xc0, 0x6d, 0x1, 0xa4, 0x6, 0x1f, 0xf8, 0x40,
    0x60,

    /* U+8303 "范" */
    0x8, 0x43, 0xff, 0xf0, 0x84, 0x2, 0x10, 0x63,
    0xf8, 0x48, 0x20, 0x20, 0xb0, 0x82, 0x32, 0x8,
    0x9, 0xe1, 0xa0, 0xc, 0x81, 0x62, 0x7, 0xf,
    0xf0,

    /* U+83B7 "获" */
    0x8, 0x43, 0xff, 0xf0, 0x84, 0x10, 0x10, 0x78,
    0x51, 0xc1, 0x29, 0x7f, 0xc4, 0x30, 0x30, 0xc1,
    0x62, 0x89, 0x1a, 0x4, 0x44, 0x12, 0x19, 0xd0,
    0x30,

    /* U+843D "落" */
    0x8, 0x41, 0xff, 0xf8, 0x21, 0x2, 0x8, 0x3,
    0x3f, 0x82, 0xe2, 0x22, 0x78, 0x30, 0xf0, 0xe,
    0x1c, 0x2f, 0xf0, 0x98, 0x23, 0x30, 0x4c, 0x60,
    0x90, 0xff, 0x0,

    /* U+84DD "蓝" */
    0x8, 0x43, 0xff, 0xf0, 0x84, 0x2, 0x20, 0x48,
    0xfd, 0x24, 0x84, 0x92, 0x12, 0x4, 0x0, 0x0,
    0xff, 0xe2, 0x49, 0x89, 0x26, 0x24, 0x9b, 0xff,
    0xf0,

    /* U+884C "行" */
    0x8, 0x0, 0x23, 0xfc, 0xc0, 0x3, 0x0, 0x4,
    0xc0, 0x3, 0x0, 0x4, 0xff, 0x98, 0xc, 0x70,
    0x18, 0xa0, 0x30, 0x40, 0x60, 0x80, 0xc1, 0x1,
    0x82, 0x3, 0x4, 0x1c, 0x0,

    /* U+8868 "表" */
    0x3, 0x0, 0xff, 0xf0, 0xc, 0x3, 0xff, 0xc0,
    0x30, 0x0, 0x60, 0x3f, 0xff, 0x2, 0x80, 0x18,
    0x88, 0xe1, 0x63, 0x41, 0x80, 0x81, 0x81, 0x71,
    0xc3, 0x80, 0x80,

    /* U+88AB "被" */
    0x60, 0x40, 0x81, 0xf, 0xbf, 0xc6, 0x92, 0x12,
    0x48, 0xc9, 0x2, 0xbf, 0x9c, 0xc2, 0xfa, 0x92,
    0xaa, 0x42, 0x66, 0x9, 0x18, 0x25, 0x98, 0x8c,
    0x30,

    /* U+8981 "要" */
    0xff, 0xfc, 0x12, 0x0, 0x48, 0x1f, 0xfe, 0x44,
    0x89, 0x12, 0x27, 0xff, 0x81, 0x0, 0xff, 0xfc,
    0x61, 0x81, 0xc, 0x3, 0xe0, 0xe, 0xf3, 0xc0,
    0x60,

    /* U+8986 "覆" */
    0x7f, 0xfe, 0xc, 0x80, 0xff, 0xf1, 0x32, 0x21,
    0x9b, 0x82, 0x7f, 0xc8, 0x80, 0x2f, 0xfe, 0x33,
    0xfc, 0xe7, 0xf8, 0x47, 0xf0, 0xbc, 0xc1, 0x6,
    0x2, 0xf3, 0xc0,

    /* U+89C1 "见" */
    0x3f, 0xf0, 0x80, 0x42, 0x1, 0x8, 0xc4, 0x23,
    0x10, 0x8c, 0x42, 0x31, 0x8, 0xc4, 0x27, 0x90,
    0x1e, 0x0, 0x78, 0x43, 0x61, 0x39, 0x87, 0x87,
    0xe0,

    /* U+89C2 "观" */
    0x1, 0xfd, 0xfa, 0x8, 0x14, 0x10, 0x29, 0x24,
    0xd2, 0x45, 0x24, 0x8e, 0x49, 0xc, 0x92, 0x18,
    0x20, 0x70, 0xa0, 0x91, 0x4b, 0x24, 0x9c, 0x11,
    0x20, 0xc3, 0xc0,

    /* U+89E3 "解" */
    0x20, 0x0, 0x41, 0xf9, 0xf0, 0x92, 0x63, 0x2f,
    0xe4, 0x5a, 0x7b, 0x94, 0xa0, 0x29, 0x28, 0x7e,
    0xfc, 0xa5, 0x21, 0xf8, 0x42, 0x97, 0xf5, 0x21,
    0x12, 0x42, 0x23, 0x84, 0x0,

    /* U+89E6 "触" */
    0x20, 0x20, 0x78, 0x41, 0x30, 0x82, 0x47, 0xef,
    0xea, 0x4a, 0x54, 0x9f, 0xa9, 0x29, 0x7e, 0x52,
    0x20, 0xfc, 0x51, 0x48, 0xb2, 0x91, 0x29, 0x3f,
    0xd2, 0xf0, 0x40,

    /* U+8B66 "警" */
    0xff, 0x40, 0x91, 0xf7, 0xec, 0xbe, 0x8c, 0x4a,
    0x71, 0xdb, 0x30, 0x10, 0x1f, 0xbe, 0x3f, 0xf0,
    0x0, 0x1, 0xfe, 0xf, 0xfc, 0x20, 0x10, 0xff,
    0xc0,

    /* U+8BA1 "计" */
    0x20, 0x20, 0x20, 0x40, 0x20, 0x80, 0x1, 0x0,
    0x2, 0x1e, 0x7f, 0xc4, 0x8, 0x8, 0x10, 0x10,
    0x20, 0x20, 0x40, 0x58, 0x80, 0xe1, 0x3, 0x82,
    0x0, 0x4, 0x0,

    /* U+8BA4 "认" */
    0x20, 0x20, 0x60, 0x40, 0x60, 0x80, 0x1, 0x0,
    0x2, 0x1e, 0x4, 0x4, 0x8, 0x8, 0x30, 0x10,
    0x50, 0x20, 0xa0, 0x43, 0x60, 0xe4, 0x41, 0x98,
    0xc0, 0x60, 0xc0, 0x80, 0x80,

    /* U+8BAE "议" */
    0x0, 0x81, 0x92, 0x22, 0x4c, 0x81, 0x12, 0x6,
    0x1b, 0x88, 0x42, 0x21, 0x8, 0xcc, 0x21, 0x20,
    0x83, 0x82, 0xc, 0xe, 0x78, 0x33, 0x30, 0xb8,
    0x70, 0x80, 0x40,

    /* U+8BB0 "记" */
    0x20, 0x0, 0x63, 0xf8, 0x60, 0x10, 0x0, 0x20,
    0x0, 0x5e, 0x0, 0x84, 0x7f, 0x8, 0x82, 0x11,
    0x0, 0x22, 0x0, 0x44, 0x0, 0xe8, 0x11, 0x90,
    0x22, 0x3f, 0x80,

    /* U+8BBE "设" */
    0x61, 0xf0, 0xc4, 0x41, 0x11, 0x0, 0x44, 0x2,
    0x13, 0x98, 0x32, 0x0, 0x9, 0xfe, 0x22, 0x8,
    0x84, 0x42, 0x1b, 0xe, 0x38, 0x31, 0xf1, 0xbc,
    0x70, 0x0, 0x40,

    /* U+8BD5 "试" */
    0x40, 0x30, 0x80, 0xa1, 0x2, 0x3, 0xff, 0xe0,
    0x20, 0x80, 0x82, 0x7a, 0x8, 0x48, 0x21, 0x20,
    0x84, 0x82, 0x13, 0x4e, 0x75, 0x37, 0x14, 0x0,
    0x20,

    /* U+8BF4 "说" */
    0x42, 0x11, 0x8c, 0x43, 0x12, 0x1, 0xfe, 0x4,
    0xb, 0x90, 0x22, 0x40, 0x89, 0xfe, 0x21, 0x20,
    0x84, 0x82, 0x92, 0xc, 0xc9, 0x66, 0x24, 0x30,
    0xf0,

    /* U+8BFB "读" */
    0x40, 0xc1, 0x9f, 0xe2, 0xc, 0x0, 0x30, 0xf,
    0xff, 0x89, 0x22, 0x14, 0x89, 0x10, 0x22, 0x40,
    0xbf, 0xf2, 0x8, 0xc, 0x6c, 0x23, 0x18, 0x30,
    0x10,

    /* U+8C03 "调" */
    0x47, 0xfc, 0x90, 0x11, 0x44, 0x41, 0x7d, 0x4,
    0x47, 0x91, 0x12, 0x5f, 0x49, 0x1, 0x25, 0xf4,
    0x94, 0x52, 0x51, 0x4e, 0x7d, 0x29, 0x4, 0x20,
    0x70,

    /* U+8C61 "象" */
    0xc, 0x0, 0x1f, 0x80, 0x43, 0x1, 0x84, 0x7,
    0xff, 0x84, 0x21, 0xf, 0xfe, 0x7, 0x4, 0x73,
    0x38, 0x8f, 0xc0, 0x66, 0xc3, 0x1e, 0x80, 0xcc,
    0x8e, 0x10, 0xc1, 0xe0, 0x0,

    /* U+8D1F "负" */
    0x8, 0x0, 0x7f, 0x3, 0xc, 0x18, 0x20, 0xff,
    0xf0, 0x80, 0x42, 0x31, 0x8, 0xc4, 0x23, 0x10,
    0x88, 0x42, 0x21, 0x1, 0x30, 0x38, 0x33, 0x80,
    0x20,

    /* U+8D23 "责" */
    0x3, 0x1, 0xff, 0xe0, 0x30, 0xf, 0xfe, 0x3,
    0x3, 0xff, 0xf0, 0x0, 0xf, 0xfc, 0x20, 0x10,
    0x8c, 0x42, 0x31, 0x8, 0x84, 0xc, 0xe1, 0xe0,
    0x70, 0x0, 0x0,

    /* U+8D25 "败" */
    0x0, 0x0, 0xfc, 0xc1, 0x9, 0x2, 0x93, 0xf5,
    0x2c, 0x4a, 0x50, 0x94, 0xf2, 0x29, 0x24, 0x52,
    0x48, 0xa4, 0x51, 0x48, 0xc1, 0x41, 0x82, 0x46,
    0x88, 0x58, 0xc0, 0x20, 0x80,

    /* U+8D77 "起" */
    0x10, 0xfd, 0xfc, 0x8, 0x40, 0x10, 0x80, 0x21,
    0x0, 0x5f, 0xdf, 0x84, 0x20, 0x28, 0x40, 0x5e,
    0x80, 0xa1, 0x5, 0x42, 0xf, 0x87, 0xeb, 0x0,
    0x11, 0xff, 0xc0, 0x0, 0x0,

    /* U+8D85 "超" */
    0x11, 0xfc, 0x20, 0xcb, 0xf9, 0x10, 0x82, 0x21,
    0x8, 0x5f, 0xf3, 0x84, 0x0, 0x28, 0xfe, 0x5f,
    0x84, 0xa3, 0x9, 0x47, 0xf5, 0x80, 0x9, 0x80,
    0x11, 0xff, 0xc0,

    /* U+8D8A "越" */
    0x10, 0x18, 0xfc, 0x28, 0x47, 0xf0, 0x8c, 0x81,
    0x19, 0x1f, 0xf2, 0x84, 0x65, 0x28, 0xcc, 0x5f,
    0xe8, 0xa3, 0x39, 0xc4, 0xf3, 0x83, 0x29, 0x80,
    0x11, 0xff, 0x80,

    /* U+8D8B "趋" */
    0x10, 0x40, 0x20, 0xf1, 0xfa, 0x20, 0x8c, 0x41,
    0x11, 0x1f, 0xdf, 0x86, 0x1, 0x2c, 0x7e, 0x5e,
    0x4, 0xb0, 0x9, 0xe3, 0xf3, 0xc0, 0x9, 0x80,
    0x10, 0xff, 0xc0, 0x0, 0x0,

    /* U+8DD1 "跑" */
    0x0, 0x80, 0xf9, 0x1, 0x17, 0xf2, 0x28, 0x24,
    0x60, 0x4f, 0xfc, 0x84, 0x49, 0x28, 0x92, 0x5d,
    0x24, 0xa3, 0xc9, 0x44, 0xf2, 0x88, 0x5, 0xd0,
    0x3e, 0x20, 0x40, 0x7f, 0x0,

    /* U+8DEF "路" */
    0x0, 0x40, 0xf8, 0x81, 0x13, 0xf2, 0x26, 0x64,
    0x5c, 0x8f, 0xe6, 0x4, 0xc, 0x28, 0x3c, 0x5d,
    0x8e, 0xa7, 0xfd, 0x42, 0x12, 0x84, 0x25, 0xc8,
    0x4f, 0x90, 0xb0, 0x3f, 0x0,

    /* U+8DF3 "跳" */
    0x7c, 0x90, 0x8d, 0x21, 0x1a, 0x52, 0x3c, 0xa7,
    0xd9, 0x82, 0x12, 0x14, 0x24, 0x2e, 0xcc, 0x53,
    0x96, 0xa5, 0x25, 0x46, 0x42, 0xe8, 0x9e, 0x31,
    0x20, 0xc3, 0xc0,

    /* U+8E22 "踢" */
    0x7d, 0xfc, 0x8a, 0x9, 0x14, 0x12, 0x2f, 0xe7,
    0xd0, 0x42, 0x3f, 0x94, 0x20, 0x2e, 0xff, 0x53,
    0x5a, 0xa5, 0xa5, 0x42, 0x53, 0xe9, 0x2e, 0x26,
    0x40, 0xb, 0x80,

    /* U+8F6C "转" */
    0x10, 0x20, 0xc1, 0x8f, 0xff, 0xc8, 0x10, 0x60,
    0x41, 0x41, 0x5, 0x3f, 0xff, 0x20, 0x11, 0xfc,
    0x40, 0x63, 0xc1, 0x3c, 0x3c, 0x10, 0x60, 0x40,
    0xc1, 0x1, 0x0,

    /* U+8F7B "轻" */
    0x30, 0x0, 0x43, 0xf8, 0x80, 0x27, 0xe0, 0xc2,
    0x3, 0xa, 0xc, 0x14, 0x76, 0x29, 0xc2, 0xfc,
    0x0, 0x23, 0xf8, 0x40, 0x87, 0xe1, 0xd, 0x2,
    0x2, 0x4, 0x4, 0xff, 0x80,

    /* U+8F91 "辑" */
    0x20, 0x0, 0x63, 0xf8, 0x84, 0x17, 0xe8, 0x22,
    0x1f, 0xca, 0x7f, 0xd4, 0x41, 0x3e, 0x82, 0xfd,
    0xfc, 0x22, 0x8, 0x77, 0xf7, 0xc8, 0x21, 0x1f,
    0xe2, 0x70, 0x84, 0x1, 0x0,

    /* U+8F93 "输" */
    0x20, 0x20, 0x40, 0xc3, 0xe2, 0x42, 0x18, 0x64,
    0x7f, 0xea, 0x0, 0x14, 0x1, 0x49, 0xea, 0xfa,
    0x54, 0x27, 0xa8, 0x49, 0x53, 0xde, 0xa9, 0x25,
    0x42, 0x48, 0x84, 0xb3, 0x0,

    /* U+8FBE "达" */
    0x0, 0x81, 0x2, 0x2, 0x8, 0xb, 0xff, 0x0,
    0x80, 0x2, 0xe, 0x1c, 0x8, 0x48, 0x23, 0x30,
    0x88, 0x62, 0xc0, 0xd8, 0x0, 0xd8, 0x2, 0x1f,
    0xf0,

    /* U+8FC7 "过" */
    0x0, 0x31, 0x0, 0xc2, 0x3, 0xb, 0xff, 0x0,
    0x30, 0x10, 0xce, 0x63, 0x8, 0xcc, 0x20, 0x30,
    0x80, 0xc2, 0xe, 0x1c, 0x0, 0xd8, 0x2, 0x1f,
    0xf0,

    /* U+8FD0 "运" */
    0xc7, 0xf9, 0x80, 0x2, 0x0, 0x0, 0x0, 0xf,
    0xff, 0x84, 0x2, 0x12, 0x8, 0x84, 0x26, 0x10,
    0x9f, 0xe2, 0x60, 0xdc, 0x0, 0xd8, 0x2, 0x1f,
    0xf0,

    /* U+8FDB "进" */
    0x43, 0x31, 0xc, 0xc2, 0x33, 0xb, 0xff, 0x3,
    0x30, 0xc, 0xce, 0x33, 0xb, 0xff, 0x22, 0x30,
    0x88, 0xc2, 0x63, 0x9, 0xc, 0xd8, 0x2, 0x1f,
    0xf0,

    /* U+8FDE "连" */
    0x1, 0x0, 0x82, 0x0, 0xbf, 0xf1, 0x18, 0x0,
    0x24, 0x0, 0xc8, 0x39, 0xfe, 0x10, 0x20, 0x20,
    0x40, 0x5f, 0xf8, 0xbf, 0xf1, 0x2, 0x6, 0x4,
    0x1b, 0x0, 0x21, 0xff, 0x0,

    /* U+8FF7 "迷" */
    0x40, 0x40, 0xc8, 0x98, 0x89, 0x20, 0x1a, 0xc0,
    0x4, 0x1d, 0xff, 0x88, 0x38, 0x10, 0xa8, 0x23,
    0x48, 0x4c, 0x88, 0xb1, 0x3, 0x2, 0xd, 0x80,
    0x10, 0xff, 0xc0,

    /* U+9001 "送" */
    0x46, 0x19, 0x88, 0x42, 0x12, 0x1, 0xff, 0x0,
    0x83, 0x82, 0x2, 0xff, 0xc8, 0x30, 0x21, 0xe0,
    0x84, 0xc2, 0x61, 0x9b, 0x2, 0xd8, 0x2, 0x1f,
    0xf0,

    /* U+9009 "选" */
    0x2, 0xc1, 0xb, 0x2, 0x7f, 0x89, 0x30, 0x0,
    0xc0, 0x3f, 0xfe, 0x12, 0x8, 0x48, 0x23, 0x20,
    0x98, 0x92, 0xc3, 0xcc, 0x0, 0x78, 0x3, 0x1f,
    0xf0,

    /* U+9010 "逐" */
    0xcf, 0xfd, 0x82, 0x2, 0x38, 0x1, 0xa2, 0x8,
    0xd3, 0x8d, 0x82, 0xe7, 0x8, 0x2e, 0x21, 0x2c,
    0x98, 0x92, 0x86, 0x8, 0x70, 0x78, 0x2, 0x1f,
    0xf0,

    /* U+9014 "途" */
    0x0, 0x80, 0xc3, 0x80, 0xcc, 0xc0, 0x60, 0xe0,
    0xbf, 0x5c, 0x10, 0xb, 0xff, 0x10, 0x40, 0x26,
    0x90, 0x49, 0x10, 0xa2, 0x11, 0xc, 0xd, 0x80,
    0x10, 0xff, 0x80,

    /* U+901A "通" */
    0x87, 0xfc, 0x80, 0x30, 0x86, 0xc1, 0x3, 0x0,
    0x7f, 0xc0, 0x88, 0xb9, 0xff, 0x12, 0x22, 0x27,
    0xfc, 0x48, 0x88, 0x91, 0x11, 0x22, 0xed, 0x80,
    0x10, 0xff, 0xc0,

    /* U+901F "速" */
    0x0, 0x83, 0x3f, 0xf6, 0x8, 0x8, 0x20, 0x7,
    0xf8, 0x12, 0x2e, 0x48, 0x89, 0xfe, 0x21, 0xe0,
    0x8e, 0xc2, 0x68, 0x8a, 0x20, 0xd8, 0x2, 0x1f,
    0xf0,

    /* U+903B "逻" */
    0x63, 0xfe, 0x32, 0x92, 0x12, 0x92, 0x3, 0xfe,
    0x0, 0x80, 0x70, 0x80, 0x11, 0xfc, 0x13, 0xc,
    0x13, 0x88, 0x10, 0x70, 0x10, 0xe0, 0x33, 0x80,
    0x6c, 0x0, 0x43, 0xfe,

    /* U+907F "避" */
    0x0, 0x21, 0x8f, 0x21, 0x12, 0x41, 0x27, 0xe2,
    0x4a, 0x40, 0xf5, 0x1, 0x1f, 0x72, 0x3e, 0x2f,
    0x90, 0x59, 0xf8, 0xf2, 0x41, 0x24, 0x82, 0x39,
    0xb, 0x0, 0x21, 0xff, 0x0,

    /* U+90E8 "部" */
    0x10, 0x0, 0x61, 0xff, 0xf4, 0x50, 0x93, 0x26,
    0x48, 0x91, 0x22, 0x45, 0x3f, 0xd6, 0x0, 0x49,
    0xf9, 0x14, 0x24, 0x50, 0x9b, 0x42, 0x59, 0xf9,
    0x4, 0x24, 0x0,

    /* U+91CC "里" */
    0x3f, 0xf8, 0x8c, 0x62, 0x31, 0x8f, 0xfe, 0x23,
    0x18, 0x8c, 0x63, 0xff, 0x80, 0xc0, 0x3, 0x1,
    0xff, 0xe0, 0x30, 0x0, 0xc0, 0x3, 0x3, 0xff,
    0xf0,

    /* U+91CD "重" */
    0x0, 0x10, 0xff, 0x80, 0x30, 0x3f, 0xff, 0x3,
    0x0, 0xff, 0xc2, 0x31, 0xf, 0xfc, 0x23, 0x10,
    0xff, 0xc0, 0x30, 0x1f, 0xfe, 0x3, 0x0, 0xc,
    0xf, 0xff, 0xc0,

    /* U+91CF "量" */
    0x3f, 0xf0, 0x80, 0x43, 0xff, 0xf, 0xfc, 0x0,
    0x3, 0xff, 0xf0, 0x0, 0xf, 0xfc, 0x3f, 0xf0,
    0x8c, 0x41, 0xfe, 0x1f, 0xfe, 0x3, 0x3, 0xff,
    0xf0,

    /* U+949F "钟" */
    0x20, 0x21, 0xf0, 0x88, 0x1f, 0xe0, 0x7f, 0x79,
    0x24, 0x84, 0x92, 0x12, 0x48, 0x49, 0xfd, 0xfc,
    0x84, 0x92, 0x2, 0x9, 0x8, 0x38, 0x20, 0x80,
    0x80,

    /* U+94AE "钮" */
    0x20, 0x0, 0xc7, 0xf9, 0xf1, 0x16, 0x2, 0x28,
    0x4, 0x4f, 0x88, 0x84, 0x11, 0x9, 0xfe, 0x10,
    0x45, 0xf8, 0x88, 0x43, 0x30, 0x84, 0x41, 0x48,
    0x87, 0x91, 0xd, 0xff, 0x80,

    /* U+9519 "错" */
    0x20, 0x91, 0x2, 0x47, 0xbf, 0xe0, 0x24, 0x78,
    0x90, 0x9f, 0xf2, 0x0, 0x8, 0x0, 0xf9, 0xf8,
    0x84, 0x22, 0x1f, 0x8a, 0x42, 0x39, 0x9, 0x87,
    0xe0,

    /* U+952E "键" */
    0x67, 0x21, 0xef, 0xe7, 0xa2, 0xa0, 0xbf, 0xfc,
    0x28, 0x9f, 0xe2, 0x12, 0x8, 0x48, 0xff, 0xfc,
    0x98, 0x82, 0x6f, 0xca, 0x88, 0x35, 0xa1, 0x33,
    0xf0,

    /* U+957F "长" */
    0x10, 0x10, 0x40, 0xc1, 0x6, 0x4, 0x60, 0x13,
    0x0, 0x40, 0xf, 0xff, 0xc4, 0x40, 0x11, 0x80,
    0x43, 0x1, 0x4, 0x4, 0xc, 0x1f, 0x1c, 0x60,
    0x10,

    /* U+95ED "闭" */
    0x0, 0x6, 0x7f, 0xd8, 0x2, 0x40, 0x18, 0x8,
    0xc0, 0x46, 0xff, 0xb0, 0x31, 0x83, 0x8c, 0x34,
    0x63, 0x23, 0x61, 0x1a, 0x8, 0xc1, 0xc6, 0x0,
    0xe0,

    /* U+95F2 "闲" */
    0x0, 0x2, 0x7f, 0xc8, 0x2, 0x40, 0x18, 0x20,
    0xc1, 0x6, 0xff, 0xb0, 0xe1, 0x87, 0x8c, 0x56,
    0x64, 0x93, 0x44, 0x18, 0x20, 0xc1, 0x6, 0x1,
    0xe0,

    /* U+95F4 "间" */
    0x0, 0x2, 0x7f, 0xd8, 0x2, 0x0, 0x18, 0x0,
    0xcf, 0xc6, 0x42, 0x32, 0x11, 0x9f, 0x8c, 0x84,
    0x64, 0x23, 0x3f, 0x18, 0x0, 0xc0, 0x6, 0x0,
    0xe0,

    /* U+9605 "阅" */
    0x0, 0x2, 0x7f, 0xd8, 0x2, 0x21, 0x18, 0x88,
    0xc6, 0x86, 0x7f, 0x32, 0x9, 0x90, 0x4c, 0xfe,
    0x63, 0x43, 0x12, 0x19, 0x92, 0xd8, 0xf6, 0x0,
    0xe0,

    /* U+9632 "防" */
    0x0, 0x3, 0xe3, 0x8, 0x84, 0x25, 0xff, 0x91,
    0x2, 0x44, 0x9, 0x10, 0x26, 0x7e, 0x89, 0xa,
    0x24, 0x28, 0xa0, 0xac, 0x82, 0x86, 0xa, 0x30,
    0x28, 0x8f, 0x0,

    /* U+963B "阻" */
    0xfb, 0xfa, 0x28, 0x29, 0x20, 0xa4, 0x82, 0xb3,
    0xfa, 0x48, 0x28, 0xa0, 0xa2, 0x82, 0x8b, 0xfa,
    0xc8, 0x28, 0x20, 0xa0, 0x82, 0x82, 0xa, 0x3f,
    0xf0,

    /* U+9650 "限" */
    0xfb, 0xfa, 0x68, 0x29, 0x20, 0xac, 0xfe, 0xa2,
    0xa, 0x48, 0x28, 0xbf, 0xa2, 0xa0, 0x8a, 0x4e,
    0xc9, 0xc8, 0x22, 0x20, 0x8c, 0x83, 0x9e, 0x8,
    0x10,

    /* U+9664 "除" */
    0x0, 0x43, 0xc3, 0x9, 0x1e, 0x28, 0xcc, 0xae,
    0xe, 0x8f, 0xca, 0x4, 0x24, 0x10, 0x9f, 0xfe,
    0x41, 0xb, 0x25, 0x21, 0x96, 0x84, 0x4a, 0x21,
    0x38, 0x18, 0x0,

    /* U+9694 "隔" */
    0xf7, 0xfe, 0x40, 0xb, 0x3f, 0xa8, 0x82, 0xa3,
    0xfa, 0x80, 0x9, 0x7f, 0xe5, 0x41, 0x94, 0xa6,
    0xd2, 0x9a, 0x5f, 0x61, 0x11, 0x84, 0x46, 0x11,
    0x70,

    /* U+96C6 "集" */
    0x19, 0x0, 0x44, 0x3, 0xff, 0x98, 0x40, 0xff,
    0xfa, 0x84, 0x3, 0xff, 0x88, 0x40, 0x3f, 0xfc,
    0xc, 0xf, 0xff, 0xc1, 0xe0, 0x1b, 0x63, 0x8c,
    0x78, 0x30, 0x40,

    /* U+9700 "需" */
    0x7f, 0xf8, 0xc, 0xf, 0xff, 0xe0, 0xc1, 0xbf,
    0xf4, 0xff, 0xc0, 0x30, 0x3f, 0xff, 0x2, 0x1,
    0xff, 0xe4, 0x48, 0x91, 0x22, 0x44, 0x89, 0x12,
    0x60,

    /* U+9759 "静" */
    0x10, 0x41, 0xfc, 0xf0, 0x42, 0x63, 0xfc, 0x81,
    0x1f, 0xdf, 0xc4, 0x80, 0x9, 0x3e, 0xff, 0x44,
    0x24, 0xf8, 0x49, 0x13, 0xf3, 0xe1, 0x4, 0x42,
    0x9, 0x9c, 0x0,

    /* U+975E "非" */
    0x4, 0x40, 0x8, 0x81, 0xf1, 0xf8, 0x22, 0x0,
    0x44, 0x0, 0x88, 0x1f, 0x1f, 0x2, 0x20, 0x4,
    0x41, 0xf8, 0xfc, 0x11, 0x0, 0x22, 0x0, 0x44,
    0x0, 0x88, 0x0,

    /* U+9762 "面" */
    0xff, 0xfc, 0x8, 0x0, 0x20, 0x0, 0x80, 0x7f,
    0xf9, 0x21, 0x24, 0x84, 0x93, 0xf2, 0x48, 0x49,
    0x3f, 0x24, 0x84, 0x92, 0x12, 0x7f, 0xf9, 0x0,
    0x20,

    /* U+97F3 "音" */
    0x0, 0x0, 0xc, 0x7, 0xff, 0x84, 0x8, 0x18,
    0x60, 0x21, 0xf, 0xff, 0xc0, 0x0, 0x3f, 0xf0,
    0x80, 0x42, 0x1, 0xf, 0xfc, 0x20, 0x10, 0x80,
    0x43, 0xff, 0x0,

    /* U+9875 "页" */
    0xff, 0xfc, 0x8, 0x0, 0x20, 0x1, 0x80, 0x3f,
    0xf0, 0x80, 0x42, 0x31, 0x8, 0xc4, 0x23, 0x10,
    0x8c, 0x42, 0x21, 0x1, 0xb0, 0xc, 0x73, 0xc0,
    0x78, 0x0, 0x0,

    /* U+9879 "项" */
    0x7, 0xff, 0xe1, 0xf, 0x84, 0x8, 0xfe, 0x22,
    0x8, 0x89, 0x22, 0x24, 0x88, 0x92, 0x22, 0x49,
    0xe9, 0x2c, 0xc, 0x0, 0x2c, 0x3, 0x18, 0x18,
    0x10,

    /* U+987A "顺" */
    0x45, 0xfe, 0x88, 0x41, 0x50, 0x82, 0xaf, 0xe5,
    0x58, 0x4a, 0xb4, 0x95, 0x69, 0x2a, 0xd2, 0x55,
    0xa4, 0xab, 0x49, 0x56, 0x92, 0xa3, 0xcc, 0x4c,
    0xd0, 0xb0, 0xc0, 0x0, 0x0,

    /* U+987B "须" */
    0x17, 0xfc, 0x81, 0x4, 0xc, 0x20, 0xfe, 0x1a,
    0x8, 0xc9, 0x26, 0x24, 0xb0, 0x92, 0x2, 0x48,
    0x69, 0x23, 0x24, 0x98, 0x2c, 0xc3, 0xe, 0x18,
    0x10,

    /* U+9884 "预" */
    0xff, 0xfc, 0x21, 0x81, 0x4, 0x38, 0x7e, 0x61,
    0x8, 0x45, 0x2f, 0xd4, 0x8b, 0x52, 0x29, 0x48,
    0x85, 0x22, 0x14, 0x88, 0x3c, 0x21, 0x9b, 0x98,
    0x10,

    /* U+9898 "题" */
    0x7d, 0xfe, 0x88, 0x41, 0xf1, 0x82, 0x27, 0xe7,
    0xca, 0x40, 0x14, 0xbf, 0xa9, 0x8, 0x52, 0x50,
    0xa4, 0xbd, 0x89, 0x41, 0x63, 0x8c, 0x2d, 0x0,
    0x11, 0xff, 0xc0,

    /* U+98CE "风" */
    0x3f, 0xf8, 0x40, 0x10, 0x81, 0xa1, 0x42, 0x42,
    0x4c, 0x84, 0xd1, 0x8, 0xe2, 0x10, 0xc4, 0x23,
    0x88, 0x4c, 0x91, 0x31, 0xa2, 0xc1, 0x54, 0x0,
    0x78, 0x0, 0xc0,

    /* U+9910 "餐" */
    0x1e, 0xf8, 0xc0, 0x63, 0xe9, 0x31, 0x18, 0x3b,
    0xd9, 0x9e, 0x1, 0xb6, 0x3f, 0xff, 0x10, 0x20,
    0x7f, 0x81, 0xff, 0x4, 0x6c, 0x12, 0x60, 0xf0,
    0x60,

    /* U+9988 "馈" */
    0x23, 0xf9, 0x9, 0x27, 0xa4, 0x92, 0xfe, 0x48,
    0x42, 0x5f, 0xfa, 0x0, 0x8, 0xfe, 0x22, 0x8,
    0x89, 0x22, 0x24, 0x8a, 0xb2, 0x30, 0xa1, 0x8c,
    0x60, 0x40, 0x0,

    /* U+9996 "首" */
    0x10, 0x20, 0x21, 0xf, 0xff, 0xc0, 0x80, 0x3f,
    0xf0, 0x80, 0x42, 0x1, 0xf, 0xfc, 0x20, 0x10,
    0x80, 0x43, 0xff, 0x8, 0x4, 0x3f, 0xf0, 0x80,
    0x40,

    /* U+9A71 "驱" */
    0xf9, 0xfe, 0x12, 0x1, 0x24, 0x2, 0x4a, 0x24,
    0x96, 0x89, 0x25, 0x12, 0x44, 0x3e, 0x8c, 0x5,
    0x38, 0xa, 0x59, 0xf5, 0x16, 0x6a, 0x20, 0x90,
    0x7, 0x3f, 0xc0,

    /* U+9A8C "验" */
    0xf8, 0x20, 0x10, 0xc1, 0x21, 0x42, 0x44, 0x44,
    0x90, 0x49, 0x5f, 0x52, 0x0, 0x3e, 0x93, 0x5,
    0x24, 0x9, 0x4b, 0xd2, 0x20, 0x20, 0x40, 0x7f,
    0xe7, 0x0, 0x0,

    /* U+9AD8 "高" */
    0x2, 0x0, 0xc, 0xf, 0xff, 0xc0, 0x0, 0x3f,
    0xf0, 0xc0, 0x43, 0xff, 0x0, 0x0, 0x7f, 0xf9,
    0x0, 0x24, 0xfc, 0x92, 0x12, 0x48, 0x49, 0x3f,
    0x24, 0x1, 0x80,

    /* U+9ED1 "黑" */
    0x3f, 0xf0, 0x8c, 0x42, 0xb5, 0xa, 0xd4, 0x23,
    0x10, 0xff, 0xc0, 0x30, 0x1f, 0xfe, 0x3, 0x3,
    0xff, 0xf0, 0x0, 0x19, 0x26, 0x44, 0x8e, 0x12,
    0x10,

    /* U+9ED8 "默" */
    0x7f, 0x10, 0x49, 0x14, 0x6d, 0x16, 0x5d, 0x10,
    0x49, 0xfe, 0x7f, 0x10, 0x8, 0x10, 0x7f, 0x10,
    0x8, 0x38, 0x7f, 0x28, 0x0, 0x2c, 0x55, 0x44,
    0x55, 0xc6, 0x90, 0x82,

    /* U+9F50 "齐" */
    0x2, 0x0, 0x4, 0xf, 0xff, 0xc4, 0x18, 0x8,
    0x40, 0x1e, 0x0, 0x38, 0x7, 0x3c, 0xf0, 0x1c,
    0x41, 0x81, 0x6, 0x4, 0x18, 0x10, 0x60, 0xc1,
    0x86, 0x6, 0x0,

    /* U+FF08 "（" */
    0x2, 0x64, 0x48, 0x88, 0x88, 0x84, 0x46, 0x20,

    /* U+FF09 "）" */
    0x4, 0x62, 0x21, 0x11, 0x11, 0x12, 0x26, 0xc0,

    /* U+FF0C "，" */
    0x77, 0x12, 0x40,

    /* U+FF1A "：" */
    0xf0, 0x0, 0xf0,

    /* U+FF1B "；" */
    0xf0, 0x3, 0xd6, 0x0
};


/*---------------------
 *  GLYPH DESCRIPTION
 *--------------------*/

static const lv_font_fmt_txt_glyph_dsc_t glyph_dsc[] = {
    {.bitmap_index = 0, .adv_w = 0, .box_w = 0, .box_h = 0, .ofs_x = 0, .ofs_y = 0} /* id = 0 reserved */,
    {.bitmap_index = 0, .adv_w = 57, .box_w = 1, .box_h = 1, .ofs_x = 0, .ofs_y = 0},
    {.bitmap_index = 1, .adv_w = 83, .box_w = 2, .box_h = 12, .ofs_x = 2, .ofs_y = 0},
    {.bitmap_index = 4, .adv_w = 121, .box_w = 4, .box_h = 4, .ofs_x = 1, .ofs_y = 9},
    {.bitmap_index = 6, .adv_w = 142, .box_w = 8, .box_h = 12, .ofs_x = 1, .ofs_y = 0},
    {.bitmap_index = 18, .adv_w = 142, .box_w = 6, .box_h = 16, .ofs_x = 1, .ofs_y = -2},
    {.bitmap_index = 30, .adv_w = 236, .box_w = 13, .box_h = 12, .ofs_x = 1, .ofs_y = 0},
    {.bitmap_index = 50, .adv_w = 174, .box_w = 9, .box_h = 12, .ofs_x = 1, .ofs_y = 0},
    {.bitmap_index = 64, .adv_w = 71, .box_w = 1, .box_h = 4, .ofs_x = 1, .ofs_y = 9},
    {.bitmap_index = 65, .adv_w = 87, .box_w = 3, .box_h = 16, .ofs_x = 1, .ofs_y = -3},
    {.bitmap_index = 71, .adv_w = 87, .box_w = 3, .box_h = 16, .ofs_x = 1, .ofs_y = -3},
    {.bitmap_index = 77, .adv_w = 120, .box_w = 5, .box_h = 5, .ofs_x = 1, .ofs_y = 8},
    {.bitmap_index = 81, .adv_w = 142, .box_w = 8, .box_h = 8, .ofs_x = 1, .ofs_y = 2},
    {.bitmap_index = 89, .adv_w = 71, .box_w = 3, .box_h = 5, .ofs_x = 0, .ofs_y = -3},
    {.bitmap_index = 91, .adv_w = 89, .box_w = 4, .box_h = 1, .ofs_x = 1, .ofs_y = 4},
    {.bitmap_index = 92, .adv_w = 71, .box_w = 2, .box_h = 2, .ofs_x = 1, .ofs_y = 0},
    {.bitmap_index = 93, .adv_w = 100, .box_w = 6, .box_h = 16, .ofs_x = 0, .ofs_y = -3},
    {.bitmap_index = 105, .adv_w = 142, .box_w = 7, .box_h = 12, .ofs_x = 1, .ofs_y = 0},
    {.bitmap_index = 116, .adv_w = 142, .box_w = 6, .box_h = 12, .ofs_x = 1, .ofs_y = 0},
    {.bitmap_index = 125, .adv_w = 142, .box_w = 7, .box_h = 12, .ofs_x = 1, .ofs_y = 0},
    {.bitmap_index = 136, .adv_w = 142, .box_w = 7, .box_h = 12, .ofs_x = 1, .ofs_y = 0},
    {.bitmap_index = 147, .adv_w = 142, .box_w = 8, .box_h = 12, .ofs_x = 1, .ofs_y = 0},
    {.bitmap_index = 159, .adv_w = 142, .box_w = 7, .box_h = 12, .ofs_x = 1, .ofs_y = 0},
    {.bitmap_index = 170, .adv_w = 142, .box_w = 7, .box_h = 12, .ofs_x = 1, .ofs_y = 0},
    {.bitmap_index = 181, .adv_w = 142, .box_w = 7, .box_h = 12, .ofs_x = 1, .ofs_y = 0},
    {.bitmap_index = 192, .adv_w = 142, .box_w = 7, .box_h = 12, .ofs_x = 1, .ofs_y = 0},
    {.bitmap_index = 203, .adv_w = 142, .box_w = 7, .box_h = 12, .ofs_x = 1, .ofs_y = 0},
    {.bitmap_index = 214, .adv_w = 71, .box_w = 2, .box_h = 9, .ofs_x = 1, .ofs_y = 0},
    {.bitmap_index = 217, .adv_w = 71, .box_w = 2, .box_h = 12, .ofs_x = 1, .ofs_y = -3},
    {.bitmap_index = 220, .adv_w = 142, .box_w = 8, .box_h = 8, .ofs_x = 1, .ofs_y = 2},
    {.bitmap_index = 228, .adv_w = 142, .box_w = 8, .box_h = 5, .ofs_x = 1, .ofs_y = 4},
    {.bitmap_index = 233, .adv_w = 142, .box_w = 8, .box_h = 8, .ofs_x = 1, .ofs_y = 2},
    {.bitmap_index = 241, .adv_w = 121, .box_w = 6, .box_h = 12, .ofs_x = 0, .ofs_y = 0},
    {.bitmap_index = 250, .adv_w = 242, .box_w = 13, .box_h = 14, .ofs_x = 1, .ofs_y = -2},
    {.bitmap_index = 273, .adv_w = 156, .box_w = 10, .box_h = 12, .ofs_x = 0, .ofs_y = 0},
    {.bitmap_index = 288, .adv_w = 168, .box_w = 8, .box_h = 12, .ofs_x = 2, .ofs_y = 0},
    {.bitmap_index = 300, .adv_w = 163, .box_w = 8, .box_h = 12, .ofs_x = 1, .ofs_y = 0},
    {.bitmap_index = 312, .adv_w = 176, .box_w = 8, .box_h = 12, .ofs_x = 2, .ofs_y = 0},
    {.bitmap_index = 324, .adv_w = 151, .box_w = 6, .box_h = 12, .ofs_x = 2, .ofs_y = 0},
    {.bitmap_index = 333, .adv_w = 141, .box_w = 6, .box_h = 12, .ofs_x = 2, .ofs_y = 0},
    {.bitmap_index = 342, .adv_w = 176, .box_w = 9, .box_h = 12, .ofs_x = 1, .ofs_y = 0},
    {.bitmap_index = 356, .adv_w = 186, .box_w = 8, .box_h = 12, .ofs_x = 2, .ofs_y = 0},
    {.bitmap_index = 368, .adv_w = 75, .box_w = 1, .box_h = 12, .ofs_x = 2, .ofs_y = 0},
    {.bitmap_index = 370, .adv_w = 137, .box_w = 6, .box_h = 12, .ofs_x = 1, .ofs_y = 0},
    {.bitmap_index = 379, .adv_w = 165, .box_w = 8, .box_h = 12, .ofs_x = 2, .ofs_y = 0},
    {.bitmap_index = 391, .adv_w = 139, .box_w = 6, .box_h = 12, .ofs_x = 2, .ofs_y = 0},
    {.bitmap_index = 400, .adv_w = 208, .box_w = 10, .box_h = 12, .ofs_x = 2, .ofs_y = 0},
    {.bitmap_index = 415, .adv_w = 185, .box_w = 8, .box_h = 12, .ofs_x = 2, .ofs_y = 0},
    {.bitmap_index = 427, .adv_w = 190, .box_w = 10, .box_h = 12, .ofs_x = 1, .ofs_y = 0},
    {.bitmap_index = 442, .adv_w = 162, .box_w = 8, .box_h = 12, .ofs_x = 2, .ofs_y = 0},
    {.bitmap_index = 454, .adv_w = 190, .box_w = 10, .box_h = 15, .ofs_x = 1, .ofs_y = -3},
    {.bitmap_index = 473, .adv_w = 163, .box_w = 8, .box_h = 12, .ofs_x = 2, .ofs_y = 0},
    {.bitmap_index = 485, .adv_w = 153, .box_w = 8, .box_h = 12, .ofs_x = 0, .ofs_y = 0},
    {.bitmap_index = 497, .adv_w = 153, .box_w = 9, .box_h = 12, .ofs_x = 1, .ofs_y = 0},
    {.bitmap_index = 511, .adv_w = 185, .box_w = 8, .box_h = 12, .ofs_x = 2, .ofs_y = 0},
    {.bitmap_index = 523, .adv_w = 147, .box_w = 9, .box_h = 12, .ofs_x = 0, .ofs_y = 0},
    {.bitmap_index = 537, .adv_w = 225, .box_w = 14, .box_h = 12, .ofs_x = 0, .ofs_y = 0},
    {.bitmap_index = 558, .adv_w = 147, .box_w = 9, .box_h = 12, .ofs_x = 0, .ofs_y = 0},
    {.bitmap_index = 572, .adv_w = 136, .box_w = 9, .box_h = 12, .ofs_x = -1, .ofs_y = 0},
    {.bitmap_index = 586, .adv_w = 154, .box_w = 8, .box_h = 12, .ofs_x = 1, .ofs_y = 0},
    {.bitmap_index = 598, .adv_w = 87, .box_w = 3, .box_h = 16, .ofs_x = 2, .ofs_y = -3},
    {.bitmap_index = 604, .adv_w = 100, .box_w = 6, .box_h = 16, .ofs_x = 0, .ofs_y = -3},
    {.bitmap_index = 616, .adv_w = 87, .box_w = 3, .box_h = 16, .ofs_x = 1, .ofs_y = -3},
    {.bitmap_index = 622, .adv_w = 142, .box_w = 7, .box_h = 7, .ofs_x = 1, .ofs_y = 5},
    {.bitmap_index = 629, .adv_w = 143, .box_w = 9, .box_h = 1, .ofs_x = 0, .ofs_y = -2},
    {.bitmap_index = 631, .adv_w = 155, .box_w = 4, .box_h = 4, .ofs_x = 2, .ofs_y = 10},
    {.bitmap_index = 633, .adv_w = 144, .box_w = 7, .box_h = 9, .ofs_x = 1, .ofs_y = 0},
    {.bitmap_index = 641, .adv_w = 158, .box_w = 7, .box_h = 13, .ofs_x = 1, .ofs_y = 0},
    {.bitmap_index = 653, .adv_w = 131, .box_w = 6, .box_h = 9, .ofs_x = 1, .ofs_y = 0},
    {.bitmap_index = 660, .adv_w = 159, .box_w = 7, .box_h = 13, .ofs_x = 1, .ofs_y = 0},
    {.bitmap_index = 672, .adv_w = 142, .box_w = 7, .box_h = 9, .ofs_x = 1, .ofs_y = 0},
    {.bitmap_index = 680, .adv_w = 83, .box_w = 5, .box_h = 13, .ofs_x = 1, .ofs_y = 0},
    {.bitmap_index = 689, .adv_w = 144, .box_w = 8, .box_h = 13, .ofs_x = 1, .ofs_y = -4},
    {.bitmap_index = 702, .adv_w = 155, .box_w = 7, .box_h = 13, .ofs_x = 1, .ofs_y = 0},
    {.bitmap_index = 714, .adv_w = 70, .box_w = 1, .box_h = 13, .ofs_x = 1, .ofs_y = 0},
    {.bitmap_index = 716, .adv_w = 70, .box_w = 3, .box_h = 17, .ofs_x = -1, .ofs_y = -4},
    {.bitmap_index = 723, .adv_w = 141, .box_w = 7, .box_h = 13, .ofs_x = 1, .ofs_y = 0},
    {.bitmap_index = 735, .adv_w = 73, .box_w = 2, .box_h = 13, .ofs_x = 1, .ofs_y = 0},
    {.bitmap_index = 739, .adv_w = 237, .box_w = 11, .box_h = 9, .ofs_x = 1, .ofs_y = 0},
    {.bitmap_index = 752, .adv_w = 156, .box_w = 7, .box_h = 9, .ofs_x = 1, .ofs_y = 0},
    {.bitmap_index = 760, .adv_w = 155, .box_w = 8, .box_h = 9, .ofs_x = 1, .ofs_y = 0},
    {.bitmap_index = 769, .adv_w = 159, .box_w = 7, .box_h = 13, .ofs_x = 1, .ofs_y = -4},
    {.bitmap_index = 781, .adv_w = 159, .box_w = 7, .box_h = 13, .ofs_x = 1, .ofs_y = -4},
    {.bitmap_index = 793, .adv_w = 99, .box_w = 4, .box_h = 9, .ofs_x = 1, .ofs_y = 0},
    {.bitmap_index = 798, .adv_w = 120, .box_w = 6, .box_h = 9, .ofs_x = 1, .ofs_y = 0},
    {.bitmap_index = 805, .adv_w = 97, .box_w = 5, .box_h = 12, .ofs_x = 1, .ofs_y = 0},
    {.bitmap_index = 813, .adv_w = 155, .box_w = 7, .box_h = 9, .ofs_x = 1, .ofs_y = 0},
    {.bitmap_index = 821, .adv_w = 133, .box_w = 8, .box_h = 9, .ofs_x = 0, .ofs_y = 0},
    {.bitmap_index = 830, .adv_w = 205, .box_w = 12, .box_h = 9, .ofs_x = 0, .ofs_y = 0},
    {.bitmap_index = 844, .adv_w = 127, .box_w = 8, .box_h = 9, .ofs_x = 0, .ofs_y = 0},
    {.bitmap_index = 853, .adv_w = 133, .box_w = 8, .box_h = 13, .ofs_x = 0, .ofs_y = -4},
    {.bitmap_index = 866, .adv_w = 122, .box_w = 7, .box_h = 9, .ofs_x = 1, .ofs_y = 0},
    {.bitmap_index = 874, .adv_w = 87, .box_w = 4, .box_h = 16, .ofs_x = 1, .ofs_y = -3},
    {.bitmap_index = 882, .adv_w = 69, .box_w = 1, .box_h = 18, .ofs_x = 2, .ofs_y = -5},
    {.bitmap_index = 885, .adv_w = 87, .box_w = 4, .box_h = 16, .ofs_x = 0, .ofs_y = -3},
    {.bitmap_index = 893, .adv_w = 142, .box_w = 7, .box_h = 3, .ofs_x = 1, .ofs_y = 5},
    {.bitmap_index = 896, .adv_w = 95, .box_w = 5, .box_h = 5, .ofs_x = 1, .ofs_y = 8},
    {.bitmap_index = 900, .adv_w = 256, .box_w = 3, .box_h = 3, .ofs_x = 6, .ofs_y = 4},
    {.bitmap_index = 902, .adv_w = 256, .box_w = 4, .box_h = 5, .ofs_x = 1, .ofs_y = -1},
    {.bitmap_index = 905, .adv_w = 256, .box_w = 5, .box_h = 5, .ofs_x = 1, .ofs_y = -1},
    {.bitmap_index = 909, .adv_w = 256, .box_w = 15, .box_h = 1, .ofs_x = 1, .ofs_y = 6},
    {.bitmap_index = 911, .adv_w = 256, .box_w = 14, .box_h = 13, .ofs_x = 1, .ofs_y = 0},
    {.bitmap_index = 934, .adv_w = 256, .box_w = 14, .box_h = 13, .ofs_x = 1, .ofs_y = -1},
    {.bitmap_index = 957, .adv_w = 256, .box_w = 14, .box_h = 13, .ofs_x = 1, .ofs_y = -1},
    {.bitmap_index = 980, .adv_w = 256, .box_w = 13, .box_h = 14, .ofs_x = 1, .ofs_y = -1},
    {.bitmap_index = 1003, .adv_w = 256, .box_w = 14, .box_h = 13, .ofs_x = 1, .ofs_y = 0},
    {.bitmap_index = 1026, .adv_w = 256, .box_w = 14, .box_h = 13, .ofs_x = 1, .ofs_y = 0},
    {.bitmap_index = 1049, .adv_w = 256, .box_w = 14, .box_h = 14, .ofs_x = 1, .ofs_y = -1},
    {.bitmap_index = 1074, .adv_w = 256, .box_w = 14, .box_h = 13, .ofs_x = 1, .ofs_y = -1},
    {.bitmap_index = 1097, .adv_w = 256, .box_w = 15, .box_h = 15, .ofs_x = 0, .ofs_y = -1},
    {.bitmap_index = 1126, .adv_w = 256, .box_w = 13, .box_h = 14, .ofs_x = 2, .ofs_y = -1},
    {.bitmap_index = 1149, .adv_w = 256, .box_w = 13, .box_h = 14, .ofs_x = 2, .ofs_y = -1},
    {.bitmap_index = 1172, .adv_w = 256, .box_w = 13, .box_h = 14, .ofs_x = 1, .ofs_y = -1},
    {.bitmap_index = 1195, .adv_w = 256, .box_w = 14, .box_h = 14, .ofs_x = 1, .ofs_y = -1},
    {.bitmap_index = 1220, .adv_w = 256, .box_w = 14, .box_h = 15, .ofs_x = 1, .ofs_y = -1},
    {.bitmap_index = 1247, .adv_w = 256, .box_w = 14, .box_h = 15, .ofs_x = 1, .ofs_y = -1},
    {.bitmap_index = 1274, .adv_w = 256, .box_w = 14, .box_h = 14, .ofs_x = 1, .ofs_y = -1},
    {.bitmap_index = 1299, .adv_w = 256, .box_w = 14, .box_h = 14, .ofs_x = 1, .ofs_y = -1},
    {.bitmap_index = 1324, .adv_w = 256, .box_w = 13, .box_h = 13, .ofs_x = 2, .ofs_y = -1},
    {.bitmap_index = 1346, .adv_w = 256, .box_w = 15, .box_h = 14, .ofs_x = 1, .ofs_y = -1},
    {.bitmap_index = 1373, .adv_w = 256, .box_w = 14, .box_h = 11, .ofs_x = 1, .ofs_y = 0},
    {.bitmap_index = 1393, .adv_w = 256, .box_w = 14, .box_h = 13, .ofs_x = 1, .ofs_y = -1},
    {.bitmap_index = 1416, .adv_w = 256, .box_w = 14, .box_h = 13, .ofs_x = 1, .ofs_y = -1},
    {.bitmap_index = 1439, .adv_w = 256, .box_w = 14, .box_h = 15, .ofs_x = 1, .ofs_y = -1},
    {.bitmap_index = 1466, .adv_w = 256, .box_w = 15, .box_h = 15, .ofs_x = 0, .ofs_y = -1},
    {.bitmap_index = 1495, .adv_w = 256, .box_w = 15, .box_h = 14, .ofs_x = 1, .ofs_y = -1},
    {.bitmap_index = 1522, .adv_w = 256, .box_w = 15, .box_h = 14, .ofs_x = 1, .ofs_y = -1},
    {.bitmap_index = 1549, .adv_w = 256, .box_w = 14, .box_h = 14, .ofs_x = 1, .ofs_y = -1},
    {.bitmap_index = 1574, .adv_w = 256, .box_w = 15, .box_h = 15, .ofs_x = 0, .ofs_y = -1},
    {.bitmap_index = 1603, .adv_w = 256, .box_w = 15, .box_h = 15, .ofs_x = 1, .ofs_y = -1},
    {.bitmap_index = 1632, .adv_w = 256, .box_w = 14, .box_h = 14, .ofs_x = 1, .ofs_y = -1},
    {.bitmap_index = 1657, .adv_w = 256, .box_w = 15, .box_h = 14, .ofs_x = 1, .ofs_y = -1},
    {.bitmap_index = 1684, .adv_w = 256, .box_w = 15, .box_h = 15, .ofs_x = 1, .ofs_y = -1},
    {.bitmap_index = 1713, .adv_w = 256, .box_w = 15, .box_h = 14, .ofs_x = 1, .ofs_y = -1},
    {.bitmap_index = 1740, .adv_w = 256, .box_w = 14, .box_h = 15, .ofs_x = 1, .ofs_y = -1},
    {.bitmap_index = 1767, .adv_w = 256, .box_w = 14, .box_h = 14, .ofs_x = 1, .ofs_y = -1},
    {.bitmap_index = 1792, .adv_w = 256, .box_w = 14, .box_h = 14, .ofs_x = 0, .ofs_y = -1},
    {.bitmap_index = 1817, .adv_w = 256, .box_w = 15, .box_h = 14, .ofs_x = 0, .ofs_y = -1},
    {.bitmap_index = 1844, .adv_w = 256, .box_w = 14, .box_h = 15, .ofs_x = 1, .ofs_y = -1},
    {.bitmap_index = 1871, .adv_w = 256, .box_w = 14, .box_h = 15, .ofs_x = 1, .ofs_y = -1},
    {.bitmap_index = 1898, .adv_w = 256, .box_w = 14, .box_h = 14, .ofs_x = 1, .ofs_y = -1},
    {.bitmap_index = 1923, .adv_w = 256, .box_w = 14, .box_h = 15, .ofs_x = 1, .ofs_y = -1},
    {.bitmap_index = 1950, .adv_w = 256, .box_w = 15, .box_h = 14, .ofs_x = 0, .ofs_y = -1},
    {.bitmap_index = 1977, .adv_w = 256, .box_w = 14, .box_h = 13, .ofs_x = 1, .ofs_y = -1},
    {.bitmap_index = 2000, .adv_w = 256, .box_w = 14, .box_h = 15, .ofs_x = 1, .ofs_y = -1},
    {.bitmap_index = 2027, .adv_w = 256, .box_w = 14, .box_h = 14, .ofs_x = 1, .ofs_y = -1},
    {.bitmap_index = 2052, .adv_w = 256, .box_w = 14, .box_h = 14, .ofs_x = 1, .ofs_y = -1},
    {.bitmap_index = 2077, .adv_w = 256, .box_w = 14, .box_h = 14, .ofs_x = 1, .ofs_y = -1},
    {.bitmap_index = 2102, .adv_w = 256, .box_w = 14, .box_h = 14, .ofs_x = 1, .ofs_y = -1},
    {.bitmap_index = 2127, .adv_w = 256, .box_w = 16, .box_h = 15, .ofs_x = 0, .ofs_y = -1},
    {.bitmap_index = 2157, .adv_w = 256, .box_w = 14, .box_h = 14, .ofs_x = 1, .ofs_y = -1},
    {.bitmap_index = 2182, .adv_w = 256, .box_w = 14, .box_h = 14, .ofs_x = 1, .ofs_y = -1},
    {.bitmap_index = 2207, .adv_w = 256, .box_w = 14, .box_h = 15, .ofs_x = 1, .ofs_y = -2},
    {.bitmap_index = 2234, .adv_w = 256, .box_w = 13, .box_h = 14, .ofs_x = 2, .ofs_y = -1},
    {.bitmap_index = 2257, .adv_w = 256, .box_w = 15, .box_h = 14, .ofs_x = 0, .ofs_y = -1},
    {.bitmap_index = 2284, .adv_w = 256, .box_w = 15, .box_h = 14, .ofs_x = 1, .ofs_y = -1},
    {.bitmap_index = 2311, .adv_w = 256, .box_w = 13, .box_h = 14, .ofs_x = 1, .ofs_y = -1},
    {.bitmap_index = 2334, .adv_w = 256, .box_w = 14, .box_h = 14, .ofs_x = 0, .ofs_y = -1},
    {.bitmap_index = 2359, .adv_w = 256, .box_w = 15, .box_h = 14, .ofs_x = 1, .ofs_y = -1},
    {.bitmap_index = 2386, .adv_w = 256, .box_w = 15, .box_h = 14, .ofs_x = 1, .ofs_y = -1},
    {.bitmap_index = 2413, .adv_w = 256, .box_w = 13, .box_h = 14, .ofs_x = 2, .ofs_y = -1},
    {.bitmap_index = 2436, .adv_w = 256, .box_w = 15, .box_h = 14, .ofs_x = 1, .ofs_y = -1},
    {.bitmap_index = 2463, .adv_w = 256, .box_w = 14, .box_h = 14, .ofs_x = 1, .ofs_y = -1},
    {.bitmap_index = 2488, .adv_w = 256, .box_w = 14, .box_h = 14, .ofs_x = 1, .ofs_y = -1},
    {.bitmap_index = 2513, .adv_w = 256, .box_w = 14, .box_h = 14, .ofs_x = 1, .ofs_y = -1},
    {.bitmap_index = 2538, .adv_w = 256, .box_w = 14, .box_h = 14, .ofs_x = 0, .ofs_y = -1},
    {.bitmap_index = 2563, .adv_w = 256, .box_w = 14, .box_h = 15, .ofs_x = 0, .ofs_y = -1},
    {.bitmap_index = 2590, .adv_w = 256, .box_w = 14, .box_h = 14, .ofs_x = 1, .ofs_y = -1},
    {.bitmap_index = 2615, .adv_w = 256, .box_w = 13, .box_h = 14, .ofs_x = 1, .ofs_y = -1},
    {.bitmap_index = 2638, .adv_w = 256, .box_w = 14, .box_h = 14, .ofs_x = 1, .ofs_y = -1},
    {.bitmap_index = 2663, .adv_w = 256, .box_w = 14, .box_h = 14, .ofs_x = 1, .ofs_y = -1},
    {.bitmap_index = 2688, .adv_w = 256, .box_w = 14, .box_h = 14, .ofs_x = 1, .ofs_y = -1},
    {.bitmap_index = 2713, .adv_w = 256, .box_w = 14, .box_h = 15, .ofs_x = 1, .ofs_y = -1},
    {.bitmap_index = 2740, .adv_w = 256, .box_w = 14, .box_h = 14, .ofs_x = 1, .ofs_y = -1},
    {.bitmap_index = 2765, .adv_w = 256, .box_w = 14, .box_h = 14, .ofs_x = 1, .ofs_y = -1},
    {.bitmap_index = 2790, .adv_w = 256, .box_w = 13, .box_h = 14, .ofs_x = 1, .ofs_y = -1},
    {.bitmap_index = 2813, .adv_w = 256, .box_w = 14, .box_h = 15, .ofs_x = 1, .ofs_y = -1},
    {.bitmap_index = 2840, .adv_w = 256, .box_w = 14, .box_h = 14, .ofs_x = 1, .ofs_y = -1},
    {.bitmap_index = 2865, .adv_w = 256, .box_w = 14, .box_h = 14, .ofs_x = 0, .ofs_y = -1},
    {.bitmap_index = 2890, .adv_w = 256, .box_w = 15, .box_h = 14, .ofs_x = 1, .ofs_y = -1},
    {.bitmap_index = 2917, .adv_w = 256, .box_w = 16, .box_h = 14, .ofs_x = 0, .ofs_y = -1},
    {.bitmap_index = 2945, .adv_w = 256, .box_w = 15, .box_h = 14, .ofs_x = 0, .ofs_y = -1},
    {.bitmap_index = 2972, .adv_w = 256, .box_w = 14, .box_h = 14, .ofs_x = 2, .ofs_y = -1},
    {.bitmap_index = 2997, .adv_w = 256, .box_w = 14, .box_h = 14, .ofs_x = 1, .ofs_y = -1},
    {.bitmap_index = 3022, .adv_w = 256, .box_w = 14, .box_h = 15, .ofs_x = 1, .ofs_y = -1},
    {.bitmap_index = 3049, .adv_w = 256, .box_w = 12, .box_h = 14, .ofs_x = 3, .ofs_y = -1},
    {.bitmap_index = 3070, .adv_w = 256, .box_w = 14, .box_h = 14, .ofs_x = 1, .ofs_y = -1},
    {.bitmap_index = 3095, .adv_w = 256, .box_w = 14, .box_h = 14, .ofs_x = 2, .ofs_y = -1},
    {.bitmap_index = 3120, .adv_w = 256, .box_w = 14, .box_h = 14, .ofs_x = 1, .ofs_y = -1},
    {.bitmap_index = 3145, .adv_w = 256, .box_w = 14, .box_h = 14, .ofs_x = 1, .ofs_y = -1},
    {.bitmap_index = 3170, .adv_w = 256, .box_w = 14, .box_h = 14, .ofs_x = 1, .ofs_y = -1},
    {.bitmap_index = 3195, .adv_w = 256, .box_w = 14, .box_h = 14, .ofs_x = 1, .ofs_y = -1},
    {.bitmap_index = 3220, .adv_w = 256, .box_w = 14, .box_h = 16, .ofs_x = 1, .ofs_y = -2},
    {.bitmap_index = 3248, .adv_w = 256, .box_w = 14, .box_h = 13, .ofs_x = 1, .ofs_y = -1},
    {.bitmap_index = 3271, .adv_w = 256, .box_w = 14, .box_h = 15, .ofs_x = 1, .ofs_y = -2},
    {.bitmap_index = 3298, .adv_w = 256, .box_w = 15, .box_h = 15, .ofs_x = 0, .ofs_y = -1},
    {.bitmap_index = 3327, .adv_w = 256, .box_w = 14, .box_h = 14, .ofs_x = 1, .ofs_y = -1},
    {.bitmap_index = 3352, .adv_w = 256, .box_w = 14, .box_h = 15, .ofs_x = 1, .ofs_y = -1},
    {.bitmap_index = 3379, .adv_w = 256, .box_w = 14, .box_h = 16, .ofs_x = 1, .ofs_y = -2},
    {.bitmap_index = 3407, .adv_w = 256, .box_w = 12, .box_h = 13, .ofs_x = 2, .ofs_y = -1},
    {.bitmap_index = 3427, .adv_w = 256, .box_w = 14, .box_h = 13, .ofs_x = 1, .ofs_y = -1},
    {.bitmap_index = 3450, .adv_w = 256, .box_w = 13, .box_h = 14, .ofs_x = 2, .ofs_y = -1},
    {.bitmap_index = 3473, .adv_w = 256, .box_w = 13, .box_h = 14, .ofs_x = 1, .ofs_y = -1},
    {.bitmap_index = 3496, .adv_w = 256, .box_w = 15, .box_h = 14, .ofs_x = 0, .ofs_y = -1},
    {.bitmap_index = 3523, .adv_w = 256, .box_w = 14, .box_h = 14, .ofs_x = 1, .ofs_y = -1},
    {.bitmap_index = 3548, .adv_w = 256, .box_w = 15, .box_h = 15, .ofs_x = 0, .ofs_y = -1},
    {.bitmap_index = 3577, .adv_w = 256, .box_w = 15, .box_h = 14, .ofs_x = 0, .ofs_y = -1},
    {.bitmap_index = 3604, .adv_w = 256, .box_w = 13, .box_h = 14, .ofs_x = 1, .ofs_y = -1},
    {.bitmap_index = 3627, .adv_w = 256, .box_w = 12, .box_h = 15, .ofs_x = 1, .ofs_y = -1},
    {.bitmap_index = 3650, .adv_w = 256, .box_w = 15, .box_h = 14, .ofs_x = 0, .ofs_y = -1},
    {.bitmap_index = 3677, .adv_w = 256, .box_w = 13, .box_h = 15, .ofs_x = 2, .ofs_y = -1},
    {.bitmap_index = 3702, .adv_w = 256, .box_w = 15, .box_h = 14, .ofs_x = 0, .ofs_y = -1},
    {.bitmap_index = 3729, .adv_w = 256, .box_w = 14, .box_h = 14, .ofs_x = 1, .ofs_y = -1},
    {.bitmap_index = 3754, .adv_w = 256, .box_w = 13, .box_h = 14, .ofs_x = 1, .ofs_y = -1},
    {.bitmap_index = 3777, .adv_w = 256, .box_w = 13, .box_h = 14, .ofs_x = 1, .ofs_y = -1},
    {.bitmap_index = 3800, .adv_w = 256, .box_w = 14, .box_h = 14, .ofs_x = 1, .ofs_y = -1},
    {.bitmap_index = 3825, .adv_w = 256, .box_w = 14, .box_h = 14, .ofs_x = 0, .ofs_y = -1},
    {.bitmap_index = 3850, .adv_w = 256, .box_w = 15, .box_h = 14, .ofs_x = 0, .ofs_y = -1},
    {.bitmap_index = 3877, .adv_w = 256, .box_w = 13, .box_h = 14, .ofs_x = 1, .ofs_y = -1},
    {.bitmap_index = 3900, .adv_w = 256, .box_w = 14, .box_h = 14, .ofs_x = 1, .ofs_y = -1},
    {.bitmap_index = 3925, .adv_w = 256, .box_w = 14, .box_h = 14, .ofs_x = 1, .ofs_y = -1},
    {.bitmap_index = 3950, .adv_w = 256, .box_w = 13, .box_h = 14, .ofs_x = 1, .ofs_y = -1},
    {.bitmap_index = 3973, .adv_w = 256, .box_w = 13, .box_h = 14, .ofs_x = 1, .ofs_y = -1},
    {.bitmap_index = 3996, .adv_w = 256, .box_w = 13, .box_h = 14, .ofs_x = 2, .ofs_y = -1},
    {.bitmap_index = 4019, .adv_w = 256, .box_w = 13, .box_h = 14, .ofs_x = 1, .ofs_y = -1},
    {.bitmap_index = 4042, .adv_w = 256, .box_w = 14, .box_h = 14, .ofs_x = 1, .ofs_y = -1},
    {.bitmap_index = 4067, .adv_w = 256, .box_w = 15, .box_h = 14, .ofs_x = 1, .ofs_y = -1},
    {.bitmap_index = 4094, .adv_w = 256, .box_w = 14, .box_h = 14, .ofs_x = 1, .ofs_y = -1},
    {.bitmap_index = 4119, .adv_w = 256, .box_w = 15, .box_h = 14, .ofs_x = 1, .ofs_y = -1},
    {.bitmap_index = 4146, .adv_w = 256, .box_w = 14, .box_h = 14, .ofs_x = 1, .ofs_y = -1},
    {.bitmap_index = 4171, .adv_w = 256, .box_w = 14, .box_h = 14, .ofs_x = 1, .ofs_y = -1},
    {.bitmap_index = 4196, .adv_w = 256, .box_w = 15, .box_h = 14, .ofs_x = 0, .ofs_y = -1},
    {.bitmap_index = 4223, .adv_w = 256, .box_w = 14, .box_h = 14, .ofs_x = 1, .ofs_y = -1},
    {.bitmap_index = 4248, .adv_w = 256, .box_w = 14, .box_h = 14, .ofs_x = 1, .ofs_y = -1},
    {.bitmap_index = 4273, .adv_w = 256, .box_w = 14, .box_h = 14, .ofs_x = 1, .ofs_y = -1},
    {.bitmap_index = 4298, .adv_w = 256, .box_w = 15, .box_h = 15, .ofs_x = 0, .ofs_y = -2},
    {.bitmap_index = 4327, .adv_w = 256, .box_w = 14, .box_h = 15, .ofs_x = 1, .ofs_y = -2},
    {.bitmap_index = 4354, .adv_w = 256, .box_w = 15, .box_h = 14, .ofs_x = 1, .ofs_y = -1},
    {.bitmap_index = 4381, .adv_w = 256, .box_w = 15, .box_h = 15, .ofs_x = 1, .ofs_y = -1},
    {.bitmap_index = 4410, .adv_w = 256, .box_w = 14, .box_h = 14, .ofs_x = 1, .ofs_y = -1},
    {.bitmap_index = 4435, .adv_w = 256, .box_w = 14, .box_h = 15, .ofs_x = 1, .ofs_y = -2},
    {.bitmap_index = 4462, .adv_w = 256, .box_w = 15, .box_h = 15, .ofs_x = 0, .ofs_y = -1},
    {.bitmap_index = 4491, .adv_w = 256, .box_w = 15, .box_h = 14, .ofs_x = 1, .ofs_y = -1},
    {.bitmap_index = 4518, .adv_w = 256, .box_w = 14, .box_h = 14, .ofs_x = 1, .ofs_y = -1},
    {.bitmap_index = 4543, .adv_w = 256, .box_w = 14, .box_h = 13, .ofs_x = 1, .ofs_y = -1},
    {.bitmap_index = 4566, .adv_w = 256, .box_w = 14, .box_h = 14, .ofs_x = 1, .ofs_y = -1},
    {.bitmap_index = 4591, .adv_w = 256, .box_w = 14, .box_h = 14, .ofs_x = 1, .ofs_y = -1},
    {.bitmap_index = 4616, .adv_w = 256, .box_w = 14, .box_h = 15, .ofs_x = 1, .ofs_y = -1},
    {.bitmap_index = 4643, .adv_w = 256, .box_w = 15, .box_h = 14, .ofs_x = 1, .ofs_y = -1},
    {.bitmap_index = 4670, .adv_w = 256, .box_w = 14, .box_h = 14, .ofs_x = 1, .ofs_y = -1},
    {.bitmap_index = 4695, .adv_w = 256, .box_w = 15, .box_h = 14, .ofs_x = 1, .ofs_y = -1},
    {.bitmap_index = 4722, .adv_w = 256, .box_w = 14, .box_h = 13, .ofs_x = 1, .ofs_y = -1},
    {.bitmap_index = 4745, .adv_w = 256, .box_w = 14, .box_h = 15, .ofs_x = 1, .ofs_y = -1},
    {.bitmap_index = 4772, .adv_w = 256, .box_w = 15, .box_h = 14, .ofs_x = 0, .ofs_y = -1},
    {.bitmap_index = 4799, .adv_w = 256, .box_w = 14, .box_h = 15, .ofs_x = 1, .ofs_y = -1},
    {.bitmap_index = 4826, .adv_w = 256, .box_w = 15, .box_h = 15, .ofs_x = 0, .ofs_y = -1},
    {.bitmap_index = 4855, .adv_w = 256, .box_w = 14, .box_h = 15, .ofs_x = 1, .ofs_y = -1},
    {.bitmap_index = 4882, .adv_w = 256, .box_w = 15, .box_h = 15, .ofs_x = 0, .ofs_y = -1},
    {.bitmap_index = 4911, .adv_w = 256, .box_w = 14, .box_h = 15, .ofs_x = 1, .ofs_y = -1},
    {.bitmap_index = 4938, .adv_w = 256, .box_w = 15, .box_h = 15, .ofs_x = 0, .ofs_y = -1},
    {.bitmap_index = 4967, .adv_w = 256, .box_w = 14, .box_h = 14, .ofs_x = 1, .ofs_y = -1},
    {.bitmap_index = 4992, .adv_w = 256, .box_w = 15, .box_h = 14, .ofs_x = 1, .ofs_y = -1},
    {.bitmap_index = 5019, .adv_w = 256, .box_w = 14, .box_h = 14, .ofs_x = 1, .ofs_y = -1},
    {.bitmap_index = 5044, .adv_w = 256, .box_w = 16, .box_h = 14, .ofs_x = 0, .ofs_y = -1},
    {.bitmap_index = 5072, .adv_w = 256, .box_w = 15, .box_h = 14, .ofs_x = 1, .ofs_y = -1},
    {.bitmap_index = 5099, .adv_w = 256, .box_w = 15, .box_h = 15, .ofs_x = 0, .ofs_y = -2},
    {.bitmap_index = 5128, .adv_w = 256, .box_w = 14, .box_h = 15, .ofs_x = 1, .ofs_y = -1},
    {.bitmap_index = 5155, .adv_w = 256, .box_w = 14, .box_h = 14, .ofs_x = 1, .ofs_y = -1},
    {.bitmap_index = 5180, .adv_w = 256, .box_w = 15, .box_h = 15, .ofs_x = 1, .ofs_y = -2},
    {.bitmap_index = 5209, .adv_w = 256, .box_w = 15, .box_h = 14, .ofs_x = 0, .ofs_y = -1},
    {.bitmap_index = 5236, .adv_w = 256, .box_w = 14, .box_h = 14, .ofs_x = 0, .ofs_y = -1},
    {.bitmap_index = 5261, .adv_w = 256, .box_w = 15, .box_h = 14, .ofs_x = 1, .ofs_y = -1},
    {.bitmap_index = 5288, .adv_w = 256, .box_w = 14, .box_h = 12, .ofs_x = 1, .ofs_y = 0},
    {.bitmap_index = 5309, .adv_w = 256, .box_w = 15, .box_h = 14, .ofs_x = 0, .ofs_y = -1},
    {.bitmap_index = 5336, .adv_w = 256, .box_w = 13, .box_h = 14, .ofs_x = 3, .ofs_y = -1},
    {.bitmap_index = 5359, .adv_w = 256, .box_w = 13, .box_h = 14, .ofs_x = 2, .ofs_y = -1},
    {.bitmap_index = 5382, .adv_w = 256, .box_w = 14, .box_h = 14, .ofs_x = 1, .ofs_y = -1},
    {.bitmap_index = 5407, .adv_w = 256, .box_w = 14, .box_h = 14, .ofs_x = 1, .ofs_y = -1},
    {.bitmap_index = 5432, .adv_w = 256, .box_w = 14, .box_h = 15, .ofs_x = 1, .ofs_y = -1},
    {.bitmap_index = 5459, .adv_w = 256, .box_w = 14, .box_h = 14, .ofs_x = 1, .ofs_y = -1},
    {.bitmap_index = 5484, .adv_w = 256, .box_w = 13, .box_h = 14, .ofs_x = 1, .ofs_y = -1},
    {.bitmap_index = 5507, .adv_w = 256, .box_w = 14, .box_h = 14, .ofs_x = 1, .ofs_y = -1},
    {.bitmap_index = 5532, .adv_w = 256, .box_w = 14, .box_h = 14, .ofs_x = 1, .ofs_y = -1},
    {.bitmap_index = 5557, .adv_w = 256, .box_w = 15, .box_h = 14, .ofs_x = 0, .ofs_y = -1},
    {.bitmap_index = 5584, .adv_w = 256, .box_w = 14, .box_h = 15, .ofs_x = 1, .ofs_y = -1},
    {.bitmap_index = 5611, .adv_w = 256, .box_w = 14, .box_h = 14, .ofs_x = 1, .ofs_y = -1},
    {.bitmap_index = 5636, .adv_w = 256, .box_w = 14, .box_h = 15, .ofs_x = 1, .ofs_y = -1},
    {.bitmap_index = 5663, .adv_w = 256, .box_w = 14, .box_h = 16, .ofs_x = 1, .ofs_y = -2},
    {.bitmap_index = 5691, .adv_w = 256, .box_w = 14, .box_h = 14, .ofs_x = 1, .ofs_y = -1},
    {.bitmap_index = 5716, .adv_w = 256, .box_w = 14, .box_h = 14, .ofs_x = 1, .ofs_y = -1},
    {.bitmap_index = 5741, .adv_w = 256, .box_w = 14, .box_h = 15, .ofs_x = 1, .ofs_y = -1},
    {.bitmap_index = 5768, .adv_w = 256, .box_w = 14, .box_h = 14, .ofs_x = 1, .ofs_y = -1},
    {.bitmap_index = 5793, .adv_w = 256, .box_w = 12, .box_h = 14, .ofs_x = 2, .ofs_y = -1},
    {.bitmap_index = 5814, .adv_w = 256, .box_w = 15, .box_h = 14, .ofs_x = 1, .ofs_y = -1},
    {.bitmap_index = 5841, .adv_w = 256, .box_w = 12, .box_h = 14, .ofs_x = 1, .ofs_y = -1},
    {.bitmap_index = 5862, .adv_w = 256, .box_w = 14, .box_h = 14, .ofs_x = 1, .ofs_y = -1},
    {.bitmap_index = 5887, .adv_w = 256, .box_w = 15, .box_h = 15, .ofs_x = 1, .ofs_y = -1},
    {.bitmap_index = 5916, .adv_w = 256, .box_w = 15, .box_h = 14, .ofs_x = 1, .ofs_y = -1},
    {.bitmap_index = 5943, .adv_w = 256, .box_w = 14, .box_h = 14, .ofs_x = 1, .ofs_y = -1},
    {.bitmap_index = 5968, .adv_w = 256, .box_w = 15, .box_h = 14, .ofs_x = 1, .ofs_y = -1},
    {.bitmap_index = 5995, .adv_w = 256, .box_w = 15, .box_h = 14, .ofs_x = 1, .ofs_y = -1},
    {.bitmap_index = 6022, .adv_w = 256, .box_w = 14, .box_h = 14, .ofs_x = 1, .ofs_y = -1},
    {.bitmap_index = 6047, .adv_w = 256, .box_w = 14, .box_h = 14, .ofs_x = 1, .ofs_y = -1},
    {.bitmap_index = 6072, .adv_w = 256, .box_w = 15, .box_h = 14, .ofs_x = 0, .ofs_y = -1},
    {.bitmap_index = 6099, .adv_w = 256, .box_w = 14, .box_h = 14, .ofs_x = 1, .ofs_y = -1},
    {.bitmap_index = 6124, .adv_w = 256, .box_w = 14, .box_h = 14, .ofs_x = 1, .ofs_y = -1},
    {.bitmap_index = 6149, .adv_w = 256, .box_w = 14, .box_h = 15, .ofs_x = 1, .ofs_y = -1},
    {.bitmap_index = 6176, .adv_w = 256, .box_w = 14, .box_h = 14, .ofs_x = 1, .ofs_y = -1},
    {.bitmap_index = 6201, .adv_w = 256, .box_w = 15, .box_h = 14, .ofs_x = 1, .ofs_y = -1},
    {.bitmap_index = 6228, .adv_w = 256, .box_w = 14, .box_h = 14, .ofs_x = 1, .ofs_y = -1},
    {.bitmap_index = 6253, .adv_w = 256, .box_w = 14, .box_h = 14, .ofs_x = 1, .ofs_y = -1},
    {.bitmap_index = 6278, .adv_w = 256, .box_w = 13, .box_h = 15, .ofs_x = 1, .ofs_y = -1},
    {.bitmap_index = 6303, .adv_w = 256, .box_w = 15, .box_h = 14, .ofs_x = 1, .ofs_y = -1},
    {.bitmap_index = 6330, .adv_w = 256, .box_w = 14, .box_h = 15, .ofs_x = 0, .ofs_y = -1},
    {.bitmap_index = 6357, .adv_w = 256, .box_w = 14, .box_h = 15, .ofs_x = 0, .ofs_y = -1},
    {.bitmap_index = 6384, .adv_w = 256, .box_w = 14, .box_h = 14, .ofs_x = 1, .ofs_y = -1},
    {.bitmap_index = 6409, .adv_w = 256, .box_w = 15, .box_h = 14, .ofs_x = 1, .ofs_y = -1},
    {.bitmap_index = 6436, .adv_w = 256, .box_w = 14, .box_h = 14, .ofs_x = 1, .ofs_y = -1},
    {.bitmap_index = 6461, .adv_w = 256, .box_w = 14, .box_h = 14, .ofs_x = 1, .ofs_y = -1},
    {.bitmap_index = 6486, .adv_w = 256, .box_w = 14, .box_h = 14, .ofs_x = 1, .ofs_y = -1},
    {.bitmap_index = 6511, .adv_w = 256, .box_w = 15, .box_h = 14, .ofs_x = 0, .ofs_y = -1},
    {.bitmap_index = 6538, .adv_w = 256, .box_w = 14, .box_h = 14, .ofs_x = 1, .ofs_y = -1},
    {.bitmap_index = 6563, .adv_w = 256, .box_w = 15, .box_h = 14, .ofs_x = 1, .ofs_y = -1},
    {.bitmap_index = 6590, .adv_w = 256, .box_w = 14, .box_h = 14, .ofs_x = 1, .ofs_y = -1},
    {.bitmap_index = 6615, .adv_w = 256, .box_w = 15, .box_h = 14, .ofs_x = 1, .ofs_y = -1},
    {.bitmap_index = 6642, .adv_w = 256, .box_w = 14, .box_h = 14, .ofs_x = 1, .ofs_y = -1},
    {.bitmap_index = 6667, .adv_w = 256, .box_w = 15, .box_h = 14, .ofs_x = 1, .ofs_y = -1},
    {.bitmap_index = 6694, .adv_w = 256, .box_w = 14, .box_h = 14, .ofs_x = 1, .ofs_y = -1},
    {.bitmap_index = 6719, .adv_w = 256, .box_w = 15, .box_h = 14, .ofs_x = 1, .ofs_y = -1},
    {.bitmap_index = 6746, .adv_w = 256, .box_w = 15, .box_h = 14, .ofs_x = 1, .ofs_y = -1},
    {.bitmap_index = 6773, .adv_w = 256, .box_w = 14, .box_h = 14, .ofs_x = 0, .ofs_y = -1},
    {.bitmap_index = 6798, .adv_w = 256, .box_w = 15, .box_h = 14, .ofs_x = 1, .ofs_y = -1},
    {.bitmap_index = 6825, .adv_w = 256, .box_w = 15, .box_h = 14, .ofs_x = 1, .ofs_y = -1},
    {.bitmap_index = 6852, .adv_w = 256, .box_w = 15, .box_h = 14, .ofs_x = 1, .ofs_y = -1},
    {.bitmap_index = 6879, .adv_w = 256, .box_w = 16, .box_h = 14, .ofs_x = 0, .ofs_y = -1},
    {.bitmap_index = 6907, .adv_w = 256, .box_w = 15, .box_h = 14, .ofs_x = 1, .ofs_y = -1},
    {.bitmap_index = 6934, .adv_w = 256, .box_w = 14, .box_h = 14, .ofs_x = 1, .ofs_y = -1},
    {.bitmap_index = 6959, .adv_w = 256, .box_w = 15, .box_h = 14, .ofs_x = 1, .ofs_y = -1},
    {.bitmap_index = 6986, .adv_w = 256, .box_w = 14, .box_h = 15, .ofs_x = 1, .ofs_y = -2},
    {.bitmap_index = 7013, .adv_w = 256, .box_w = 15, .box_h = 14, .ofs_x = 1, .ofs_y = -1},
    {.bitmap_index = 7040, .adv_w = 256, .box_w = 15, .box_h = 14, .ofs_x = 1, .ofs_y = -1},
    {.bitmap_index = 7067, .adv_w = 256, .box_w = 14, .box_h = 15, .ofs_x = 1, .ofs_y = -1},
    {.bitmap_index = 7094, .adv_w = 256, .box_w = 14, .box_h = 14, .ofs_x = 1, .ofs_y = -1},
    {.bitmap_index = 7119, .adv_w = 256, .box_w = 14, .box_h = 15, .ofs_x = 1, .ofs_y = -1},
    {.bitmap_index = 7146, .adv_w = 256, .box_w = 14, .box_h = 15, .ofs_x = 1, .ofs_y = -1},
    {.bitmap_index = 7173, .adv_w = 256, .box_w = 14, .box_h = 14, .ofs_x = 1, .ofs_y = -1},
    {.bitmap_index = 7198, .adv_w = 256, .box_w = 10, .box_h = 13, .ofs_x = 3, .ofs_y = -1},
    {.bitmap_index = 7215, .adv_w = 256, .box_w = 12, .box_h = 14, .ofs_x = 2, .ofs_y = -1},
    {.bitmap_index = 7236, .adv_w = 256, .box_w = 14, .box_h = 14, .ofs_x = 1, .ofs_y = -1},
    {.bitmap_index = 7261, .adv_w = 256, .box_w = 13, .box_h = 14, .ofs_x = 1, .ofs_y = -1},
    {.bitmap_index = 7284, .adv_w = 256, .box_w = 14, .box_h = 14, .ofs_x = 1, .ofs_y = -1},
    {.bitmap_index = 7309, .adv_w = 256, .box_w = 14, .box_h = 14, .ofs_x = 1, .ofs_y = -1},
    {.bitmap_index = 7334, .adv_w = 256, .box_w = 15, .box_h = 13, .ofs_x = 0, .ofs_y = 0},
    {.bitmap_index = 7359, .adv_w = 256, .box_w = 14, .box_h = 14, .ofs_x = 1, .ofs_y = -1},
    {.bitmap_index = 7384, .adv_w = 256, .box_w = 14, .box_h = 15, .ofs_x = 1, .ofs_y = -1},
    {.bitmap_index = 7411, .adv_w = 256, .box_w = 14, .box_h = 14, .ofs_x = 1, .ofs_y = -1},
    {.bitmap_index = 7436, .adv_w = 256, .box_w = 15, .box_h = 14, .ofs_x = 1, .ofs_y = -1},
    {.bitmap_index = 7463, .adv_w = 256, .box_w = 14, .box_h = 14, .ofs_x = 1, .ofs_y = -1},
    {.bitmap_index = 7488, .adv_w = 256, .box_w = 14, .box_h = 14, .ofs_x = 1, .ofs_y = -1},
    {.bitmap_index = 7513, .adv_w = 256, .box_w = 15, .box_h = 14, .ofs_x = 1, .ofs_y = -1},
    {.bitmap_index = 7540, .adv_w = 256, .box_w = 14, .box_h = 14, .ofs_x = 1, .ofs_y = -1},
    {.bitmap_index = 7565, .adv_w = 256, .box_w = 14, .box_h = 14, .ofs_x = 1, .ofs_y = -1},
    {.bitmap_index = 7590, .adv_w = 256, .box_w = 14, .box_h = 14, .ofs_x = 1, .ofs_y = -1},
    {.bitmap_index = 7615, .adv_w = 256, .box_w = 14, .box_h = 14, .ofs_x = 1, .ofs_y = -1},
    {.bitmap_index = 7640, .adv_w = 256, .box_w = 15, .box_h = 14, .ofs_x = 1, .ofs_y = -1},
    {.bitmap_index = 7667, .adv_w = 256, .box_w = 15, .box_h = 15, .ofs_x = 0, .ofs_y = -1},
    {.bitmap_index = 7696, .adv_w = 256, .box_w = 14, .box_h = 14, .ofs_x = 1, .ofs_y = -1},
    {.bitmap_index = 7721, .adv_w = 256, .box_w = 14, .box_h = 14, .ofs_x = 1, .ofs_y = -1},
    {.bitmap_index = 7746, .adv_w = 256, .box_w = 14, .box_h = 14, .ofs_x = 1, .ofs_y = -1},
    {.bitmap_index = 7771, .adv_w = 256, .box_w = 14, .box_h = 14, .ofs_x = 1, .ofs_y = -1},
    {.bitmap_index = 7796, .adv_w = 256, .box_w = 14, .box_h = 14, .ofs_x = 1, .ofs_y = -1},
    {.bitmap_index = 7821, .adv_w = 256, .box_w = 15, .box_h = 14, .ofs_x = 1, .ofs_y = -1},
    {.bitmap_index = 7848, .adv_w = 256, .box_w = 15, .box_h = 14, .ofs_x = 1, .ofs_y = -1},
    {.bitmap_index = 7875, .adv_w = 256, .box_w = 15, .box_h = 14, .ofs_x = 0, .ofs_y = -1},
    {.bitmap_index = 7902, .adv_w = 256, .box_w = 14, .box_h = 14, .ofs_x = 1, .ofs_y = -1},
    {.bitmap_index = 7927, .adv_w = 256, .box_w = 14, .box_h = 14, .ofs_x = 1, .ofs_y = -1},
    {.bitmap_index = 7952, .adv_w = 256, .box_w = 14, .box_h = 14, .ofs_x = 1, .ofs_y = -1},
    {.bitmap_index = 7977, .adv_w = 256, .box_w = 14, .box_h = 14, .ofs_x = 1, .ofs_y = -1},
    {.bitmap_index = 8002, .adv_w = 256, .box_w = 15, .box_h = 14, .ofs_x = 1, .ofs_y = -1},
    {.bitmap_index = 8029, .adv_w = 256, .box_w = 15, .box_h = 14, .ofs_x = 1, .ofs_y = -1},
    {.bitmap_index = 8056, .adv_w = 256, .box_w = 14, .box_h = 15, .ofs_x = 1, .ofs_y = -1},
    {.bitmap_index = 8083, .adv_w = 256, .box_w = 14, .box_h = 13, .ofs_x = 1, .ofs_y = 0},
    {.bitmap_index = 8106, .adv_w = 256, .box_w = 14, .box_h = 12, .ofs_x = 1, .ofs_y = 0},
    {.bitmap_index = 8127, .adv_w = 256, .box_w = 14, .box_h = 14, .ofs_x = 1, .ofs_y = -1},
    {.bitmap_index = 8152, .adv_w = 256, .box_w = 14, .box_h = 15, .ofs_x = 1, .ofs_y = -2},
    {.bitmap_index = 8179, .adv_w = 256, .box_w = 14, .box_h = 15, .ofs_x = 1, .ofs_y = -1},
    {.bitmap_index = 8206, .adv_w = 256, .box_w = 15, .box_h = 15, .ofs_x = 1, .ofs_y = -1},
    {.bitmap_index = 8235, .adv_w = 256, .box_w = 14, .box_h = 14, .ofs_x = 1, .ofs_y = -1},
    {.bitmap_index = 8260, .adv_w = 256, .box_w = 14, .box_h = 14, .ofs_x = 1, .ofs_y = -1},
    {.bitmap_index = 8285, .adv_w = 256, .box_w = 15, .box_h = 14, .ofs_x = 1, .ofs_y = -1},
    {.bitmap_index = 8312, .adv_w = 256, .box_w = 15, .box_h = 15, .ofs_x = 0, .ofs_y = -2},
    {.bitmap_index = 8341, .adv_w = 256, .box_w = 15, .box_h = 14, .ofs_x = 0, .ofs_y = -1},
    {.bitmap_index = 8368, .adv_w = 256, .box_w = 15, .box_h = 14, .ofs_x = 0, .ofs_y = -1},
    {.bitmap_index = 8395, .adv_w = 256, .box_w = 15, .box_h = 14, .ofs_x = 1, .ofs_y = -1},
    {.bitmap_index = 8422, .adv_w = 256, .box_w = 15, .box_h = 14, .ofs_x = 1, .ofs_y = -1},
    {.bitmap_index = 8449, .adv_w = 256, .box_w = 14, .box_h = 15, .ofs_x = 1, .ofs_y = -1},
    {.bitmap_index = 8476, .adv_w = 256, .box_w = 14, .box_h = 14, .ofs_x = 1, .ofs_y = -1},
    {.bitmap_index = 8501, .adv_w = 256, .box_w = 14, .box_h = 14, .ofs_x = 1, .ofs_y = -1},
    {.bitmap_index = 8526, .adv_w = 256, .box_w = 14, .box_h = 15, .ofs_x = 1, .ofs_y = -1},
    {.bitmap_index = 8553, .adv_w = 256, .box_w = 15, .box_h = 14, .ofs_x = 1, .ofs_y = -1},
    {.bitmap_index = 8580, .adv_w = 256, .box_w = 15, .box_h = 15, .ofs_x = 0, .ofs_y = -1},
    {.bitmap_index = 8609, .adv_w = 256, .box_w = 15, .box_h = 14, .ofs_x = 0, .ofs_y = -1},
    {.bitmap_index = 8636, .adv_w = 256, .box_w = 14, .box_h = 15, .ofs_x = 1, .ofs_y = -1},
    {.bitmap_index = 8663, .adv_w = 256, .box_w = 15, .box_h = 15, .ofs_x = 0, .ofs_y = -1},
    {.bitmap_index = 8692, .adv_w = 256, .box_w = 15, .box_h = 15, .ofs_x = 0, .ofs_y = -1},
    {.bitmap_index = 8721, .adv_w = 256, .box_w = 14, .box_h = 14, .ofs_x = 1, .ofs_y = -1},
    {.bitmap_index = 8746, .adv_w = 256, .box_w = 15, .box_h = 14, .ofs_x = 1, .ofs_y = -1},
    {.bitmap_index = 8773, .adv_w = 256, .box_w = 15, .box_h = 14, .ofs_x = 0, .ofs_y = -1},
    {.bitmap_index = 8800, .adv_w = 256, .box_w = 14, .box_h = 14, .ofs_x = 1, .ofs_y = -1},
    {.bitmap_index = 8825, .adv_w = 256, .box_w = 14, .box_h = 15, .ofs_x = 1, .ofs_y = -1},
    {.bitmap_index = 8852, .adv_w = 256, .box_w = 15, .box_h = 14, .ofs_x = 1, .ofs_y = -1},
    {.bitmap_index = 8879, .adv_w = 256, .box_w = 14, .box_h = 14, .ofs_x = 1, .ofs_y = -1},
    {.bitmap_index = 8904, .adv_w = 256, .box_w = 15, .box_h = 14, .ofs_x = 1, .ofs_y = -1},
    {.bitmap_index = 8931, .adv_w = 256, .box_w = 13, .box_h = 14, .ofs_x = 1, .ofs_y = -1},
    {.bitmap_index = 8954, .adv_w = 256, .box_w = 15, .box_h = 14, .ofs_x = 1, .ofs_y = -1},
    {.bitmap_index = 8981, .adv_w = 256, .box_w = 14, .box_h = 14, .ofs_x = 1, .ofs_y = -1},
    {.bitmap_index = 9006, .adv_w = 256, .box_w = 14, .box_h = 14, .ofs_x = 1, .ofs_y = -1},
    {.bitmap_index = 9031, .adv_w = 256, .box_w = 14, .box_h = 13, .ofs_x = 1, .ofs_y = -1},
    {.bitmap_index = 9054, .adv_w = 256, .box_w = 14, .box_h = 14, .ofs_x = 1, .ofs_y = -1},
    {.bitmap_index = 9079, .adv_w = 256, .box_w = 15, .box_h = 14, .ofs_x = 1, .ofs_y = -1},
    {.bitmap_index = 9106, .adv_w = 256, .box_w = 14, .box_h = 13, .ofs_x = 1, .ofs_y = -1},
    {.bitmap_index = 9129, .adv_w = 256, .box_w = 13, .box_h = 14, .ofs_x = 2, .ofs_y = -1},
    {.bitmap_index = 9152, .adv_w = 256, .box_w = 14, .box_h = 14, .ofs_x = 2, .ofs_y = -1},
    {.bitmap_index = 9177, .adv_w = 256, .box_w = 15, .box_h = 14, .ofs_x = 1, .ofs_y = -1},
    {.bitmap_index = 9204, .adv_w = 256, .box_w = 13, .box_h = 15, .ofs_x = 1, .ofs_y = -1},
    {.bitmap_index = 9229, .adv_w = 256, .box_w = 11, .box_h = 15, .ofs_x = 2, .ofs_y = -1},
    {.bitmap_index = 9250, .adv_w = 256, .box_w = 13, .box_h = 15, .ofs_x = 1, .ofs_y = -1},
    {.bitmap_index = 9275, .adv_w = 256, .box_w = 14, .box_h = 14, .ofs_x = 1, .ofs_y = -1},
    {.bitmap_index = 9300, .adv_w = 256, .box_w = 15, .box_h = 14, .ofs_x = 0, .ofs_y = -1},
    {.bitmap_index = 9327, .adv_w = 256, .box_w = 14, .box_h = 14, .ofs_x = 1, .ofs_y = -1},
    {.bitmap_index = 9352, .adv_w = 256, .box_w = 11, .box_h = 14, .ofs_x = 3, .ofs_y = -1},
    {.bitmap_index = 9372, .adv_w = 256, .box_w = 15, .box_h = 15, .ofs_x = 1, .ofs_y = -1},
    {.bitmap_index = 9401, .adv_w = 256, .box_w = 14, .box_h = 14, .ofs_x = 1, .ofs_y = -1},
    {.bitmap_index = 9426, .adv_w = 256, .box_w = 15, .box_h = 14, .ofs_x = 1, .ofs_y = -1},
    {.bitmap_index = 9453, .adv_w = 256, .box_w = 14, .box_h = 15, .ofs_x = 1, .ofs_y = -1},
    {.bitmap_index = 9480, .adv_w = 256, .box_w = 14, .box_h = 14, .ofs_x = 0, .ofs_y = -1},
    {.bitmap_index = 9505, .adv_w = 256, .box_w = 14, .box_h = 14, .ofs_x = 1, .ofs_y = -1},
    {.bitmap_index = 9530, .adv_w = 256, .box_w = 15, .box_h = 14, .ofs_x = 1, .ofs_y = -1},
    {.bitmap_index = 9557, .adv_w = 256, .box_w = 14, .box_h = 15, .ofs_x = 1, .ofs_y = -1},
    {.bitmap_index = 9584, .adv_w = 256, .box_w = 14, .box_h = 13, .ofs_x = 1, .ofs_y = -1},
    {.bitmap_index = 9607, .adv_w = 256, .box_w = 14, .box_h = 15, .ofs_x = 1, .ofs_y = -1},
    {.bitmap_index = 9634, .adv_w = 256, .box_w = 14, .box_h = 14, .ofs_x = 1, .ofs_y = -1},
    {.bitmap_index = 9659, .adv_w = 256, .box_w = 15, .box_h = 15, .ofs_x = 0, .ofs_y = -1},
    {.bitmap_index = 9688, .adv_w = 256, .box_w = 15, .box_h = 14, .ofs_x = 1, .ofs_y = -1},
    {.bitmap_index = 9715, .adv_w = 256, .box_w = 13, .box_h = 14, .ofs_x = 1, .ofs_y = -1},
    {.bitmap_index = 9738, .adv_w = 256, .box_w = 14, .box_h = 15, .ofs_x = 1, .ofs_y = -1},
    {.bitmap_index = 9765, .adv_w = 256, .box_w = 13, .box_h = 14, .ofs_x = 1, .ofs_y = -1},
    {.bitmap_index = 9788, .adv_w = 256, .box_w = 15, .box_h = 14, .ofs_x = 1, .ofs_y = -1},
    {.bitmap_index = 9815, .adv_w = 256, .box_w = 14, .box_h = 15, .ofs_x = 1, .ofs_y = -1},
    {.bitmap_index = 9842, .adv_w = 256, .box_w = 14, .box_h = 14, .ofs_x = 0, .ofs_y = -1},
    {.bitmap_index = 9867, .adv_w = 256, .box_w = 15, .box_h = 14, .ofs_x = 1, .ofs_y = -1},
    {.bitmap_index = 9894, .adv_w = 256, .box_w = 14, .box_h = 14, .ofs_x = 1, .ofs_y = -1},
    {.bitmap_index = 9919, .adv_w = 256, .box_w = 14, .box_h = 14, .ofs_x = 1, .ofs_y = -1},
    {.bitmap_index = 9944, .adv_w = 256, .box_w = 14, .box_h = 14, .ofs_x = 1, .ofs_y = -1},
    {.bitmap_index = 9969, .adv_w = 256, .box_w = 15, .box_h = 14, .ofs_x = 1, .ofs_y = -1},
    {.bitmap_index = 9996, .adv_w = 256, .box_w = 13, .box_h = 14, .ofs_x = 2, .ofs_y = -1},
    {.bitmap_index = 10019, .adv_w = 256, .box_w = 15, .box_h = 14, .ofs_x = 0, .ofs_y = 0},
    {.bitmap_index = 10046, .adv_w = 256, .box_w = 15, .box_h = 14, .ofs_x = 1, .ofs_y = -1},
    {.bitmap_index = 10073, .adv_w = 256, .box_w = 14, .box_h = 15, .ofs_x = 1, .ofs_y = -1},
    {.bitmap_index = 10100, .adv_w = 256, .box_w = 14, .box_h = 15, .ofs_x = 1, .ofs_y = -1},
    {.bitmap_index = 10127, .adv_w = 256, .box_w = 15, .box_h = 14, .ofs_x = 0, .ofs_y = -1},
    {.bitmap_index = 10154, .adv_w = 256, .box_w = 15, .box_h = 14, .ofs_x = 0, .ofs_y = -1},
    {.bitmap_index = 10181, .adv_w = 256, .box_w = 15, .box_h = 14, .ofs_x = 0, .ofs_y = -1},
    {.bitmap_index = 10208, .adv_w = 256, .box_w = 15, .box_h = 15, .ofs_x = 1, .ofs_y = -1},
    {.bitmap_index = 10237, .adv_w = 256, .box_w = 15, .box_h = 14, .ofs_x = 0, .ofs_y = -1},
    {.bitmap_index = 10264, .adv_w = 256, .box_w = 15, .box_h = 15, .ofs_x = 0, .ofs_y = -1},
    {.bitmap_index = 10293, .adv_w = 256, .box_w = 15, .box_h = 15, .ofs_x = 0, .ofs_y = -1},
    {.bitmap_index = 10322, .adv_w = 256, .box_w = 14, .box_h = 15, .ofs_x = 0, .ofs_y = -1},
    {.bitmap_index = 10349, .adv_w = 256, .box_w = 13, .box_h = 14, .ofs_x = 2, .ofs_y = -1},
    {.bitmap_index = 10372, .adv_w = 256, .box_w = 14, .box_h = 14, .ofs_x = 1, .ofs_y = -1},
    {.bitmap_index = 10397, .adv_w = 256, .box_w = 14, .box_h = 14, .ofs_x = 1, .ofs_y = -1},
    {.bitmap_index = 10422, .adv_w = 256, .box_w = 14, .box_h = 14, .ofs_x = 1, .ofs_y = -1},
    {.bitmap_index = 10447, .adv_w = 256, .box_w = 15, .box_h = 14, .ofs_x = 1, .ofs_y = -1},
    {.bitmap_index = 10474, .adv_w = 256, .box_w = 15, .box_h = 14, .ofs_x = 1, .ofs_y = -1},
    {.bitmap_index = 10501, .adv_w = 256, .box_w = 15, .box_h = 14, .ofs_x = 1, .ofs_y = -1},
    {.bitmap_index = 10528, .adv_w = 256, .box_w = 11, .box_h = 14, .ofs_x = 3, .ofs_y = -1},
    {.bitmap_index = 10548, .adv_w = 256, .box_w = 15, .box_h = 14, .ofs_x = 1, .ofs_y = -1},
    {.bitmap_index = 10575, .adv_w = 256, .box_w = 14, .box_h = 14, .ofs_x = 1, .ofs_y = -1},
    {.bitmap_index = 10600, .adv_w = 256, .box_w = 14, .box_h = 14, .ofs_x = 1, .ofs_y = -1},
    {.bitmap_index = 10625, .adv_w = 256, .box_w = 14, .box_h = 14, .ofs_x = 1, .ofs_y = -1},
    {.bitmap_index = 10650, .adv_w = 256, .box_w = 14, .box_h = 14, .ofs_x = 1, .ofs_y = -1},
    {.bitmap_index = 10675, .adv_w = 256, .box_w = 15, .box_h = 14, .ofs_x = 1, .ofs_y = -1},
    {.bitmap_index = 10702, .adv_w = 256, .box_w = 14, .box_h = 14, .ofs_x = 1, .ofs_y = -1},
    {.bitmap_index = 10727, .adv_w = 256, .box_w = 15, .box_h = 15, .ofs_x = 0, .ofs_y = -1},
    {.bitmap_index = 10756, .adv_w = 256, .box_w = 15, .box_h = 14, .ofs_x = 1, .ofs_y = -1},
    {.bitmap_index = 10783, .adv_w = 256, .box_w = 14, .box_h = 14, .ofs_x = 1, .ofs_y = -1},
    {.bitmap_index = 10808, .adv_w = 256, .box_w = 14, .box_h = 14, .ofs_x = 1, .ofs_y = -1},
    {.bitmap_index = 10833, .adv_w = 256, .box_w = 15, .box_h = 14, .ofs_x = 0, .ofs_y = -1},
    {.bitmap_index = 10860, .adv_w = 256, .box_w = 14, .box_h = 14, .ofs_x = 1, .ofs_y = -1},
    {.bitmap_index = 10885, .adv_w = 256, .box_w = 15, .box_h = 14, .ofs_x = 0, .ofs_y = -1},
    {.bitmap_index = 10912, .adv_w = 256, .box_w = 15, .box_h = 15, .ofs_x = 1, .ofs_y = -1},
    {.bitmap_index = 10941, .adv_w = 256, .box_w = 15, .box_h = 14, .ofs_x = 1, .ofs_y = -1},
    {.bitmap_index = 10968, .adv_w = 256, .box_w = 14, .box_h = 14, .ofs_x = 1, .ofs_y = -1},
    {.bitmap_index = 10993, .adv_w = 256, .box_w = 15, .box_h = 14, .ofs_x = 0, .ofs_y = -1},
    {.bitmap_index = 11020, .adv_w = 256, .box_w = 15, .box_h = 15, .ofs_x = 1, .ofs_y = -2},
    {.bitmap_index = 11049, .adv_w = 256, .box_w = 14, .box_h = 15, .ofs_x = 1, .ofs_y = -2},
    {.bitmap_index = 11076, .adv_w = 256, .box_w = 15, .box_h = 14, .ofs_x = 0, .ofs_y = -1},
    {.bitmap_index = 11103, .adv_w = 256, .box_w = 14, .box_h = 15, .ofs_x = 1, .ofs_y = -2},
    {.bitmap_index = 11130, .adv_w = 256, .box_w = 14, .box_h = 14, .ofs_x = 1, .ofs_y = -1},
    {.bitmap_index = 11155, .adv_w = 256, .box_w = 14, .box_h = 14, .ofs_x = 1, .ofs_y = -1},
    {.bitmap_index = 11180, .adv_w = 256, .box_w = 14, .box_h = 14, .ofs_x = 1, .ofs_y = -1},
    {.bitmap_index = 11205, .adv_w = 256, .box_w = 14, .box_h = 14, .ofs_x = 1, .ofs_y = -1},
    {.bitmap_index = 11230, .adv_w = 256, .box_w = 15, .box_h = 15, .ofs_x = 1, .ofs_y = -1},
    {.bitmap_index = 11259, .adv_w = 256, .box_w = 14, .box_h = 14, .ofs_x = 1, .ofs_y = -1},
    {.bitmap_index = 11284, .adv_w = 256, .box_w = 14, .box_h = 15, .ofs_x = 1, .ofs_y = -2},
    {.bitmap_index = 11311, .adv_w = 256, .box_w = 15, .box_h = 15, .ofs_x = 0, .ofs_y = -1},
    {.bitmap_index = 11340, .adv_w = 256, .box_w = 15, .box_h = 15, .ofs_x = 1, .ofs_y = -2},
    {.bitmap_index = 11369, .adv_w = 256, .box_w = 15, .box_h = 14, .ofs_x = 1, .ofs_y = -1},
    {.bitmap_index = 11396, .adv_w = 256, .box_w = 15, .box_h = 14, .ofs_x = 1, .ofs_y = -1},
    {.bitmap_index = 11423, .adv_w = 256, .box_w = 15, .box_h = 15, .ofs_x = 1, .ofs_y = -2},
    {.bitmap_index = 11452, .adv_w = 256, .box_w = 15, .box_h = 15, .ofs_x = 0, .ofs_y = -1},
    {.bitmap_index = 11481, .adv_w = 256, .box_w = 15, .box_h = 15, .ofs_x = 0, .ofs_y = -1},
    {.bitmap_index = 11510, .adv_w = 256, .box_w = 15, .box_h = 14, .ofs_x = 0, .ofs_y = -1},
    {.bitmap_index = 11537, .adv_w = 256, .box_w = 15, .box_h = 14, .ofs_x = 0, .ofs_y = -1},
    {.bitmap_index = 11564, .adv_w = 256, .box_w = 14, .box_h = 15, .ofs_x = 1, .ofs_y = -1},
    {.bitmap_index = 11591, .adv_w = 256, .box_w = 15, .box_h = 15, .ofs_x = 1, .ofs_y = -1},
    {.bitmap_index = 11620, .adv_w = 256, .box_w = 15, .box_h = 15, .ofs_x = 1, .ofs_y = -1},
    {.bitmap_index = 11649, .adv_w = 256, .box_w = 15, .box_h = 15, .ofs_x = 1, .ofs_y = -1},
    {.bitmap_index = 11678, .adv_w = 256, .box_w = 14, .box_h = 14, .ofs_x = 1, .ofs_y = -1},
    {.bitmap_index = 11703, .adv_w = 256, .box_w = 14, .box_h = 14, .ofs_x = 1, .ofs_y = -1},
    {.bitmap_index = 11728, .adv_w = 256, .box_w = 14, .box_h = 14, .ofs_x = 1, .ofs_y = -1},
    {.bitmap_index = 11753, .adv_w = 256, .box_w = 14, .box_h = 14, .ofs_x = 1, .ofs_y = -1},
    {.bitmap_index = 11778, .adv_w = 256, .box_w = 15, .box_h = 15, .ofs_x = 1, .ofs_y = -1},
    {.bitmap_index = 11807, .adv_w = 256, .box_w = 15, .box_h = 14, .ofs_x = 1, .ofs_y = -1},
    {.bitmap_index = 11834, .adv_w = 256, .box_w = 14, .box_h = 14, .ofs_x = 1, .ofs_y = -1},
    {.bitmap_index = 11859, .adv_w = 256, .box_w = 14, .box_h = 14, .ofs_x = 1, .ofs_y = -1},
    {.bitmap_index = 11884, .adv_w = 256, .box_w = 14, .box_h = 14, .ofs_x = 1, .ofs_y = -1},
    {.bitmap_index = 11909, .adv_w = 256, .box_w = 15, .box_h = 14, .ofs_x = 1, .ofs_y = -1},
    {.bitmap_index = 11936, .adv_w = 256, .box_w = 15, .box_h = 14, .ofs_x = 1, .ofs_y = -1},
    {.bitmap_index = 11963, .adv_w = 256, .box_w = 14, .box_h = 14, .ofs_x = 1, .ofs_y = -1},
    {.bitmap_index = 11988, .adv_w = 256, .box_w = 16, .box_h = 14, .ofs_x = 0, .ofs_y = -1},
    {.bitmap_index = 12016, .adv_w = 256, .box_w = 15, .box_h = 15, .ofs_x = 1, .ofs_y = -1},
    {.bitmap_index = 12045, .adv_w = 256, .box_w = 14, .box_h = 15, .ofs_x = 1, .ofs_y = -1},
    {.bitmap_index = 12072, .adv_w = 256, .box_w = 14, .box_h = 14, .ofs_x = 1, .ofs_y = -1},
    {.bitmap_index = 12097, .adv_w = 256, .box_w = 14, .box_h = 15, .ofs_x = 1, .ofs_y = -1},
    {.bitmap_index = 12124, .adv_w = 256, .box_w = 14, .box_h = 14, .ofs_x = 1, .ofs_y = -1},
    {.bitmap_index = 12149, .adv_w = 256, .box_w = 14, .box_h = 14, .ofs_x = 1, .ofs_y = -1},
    {.bitmap_index = 12174, .adv_w = 256, .box_w = 15, .box_h = 15, .ofs_x = 1, .ofs_y = -1},
    {.bitmap_index = 12203, .adv_w = 256, .box_w = 14, .box_h = 14, .ofs_x = 1, .ofs_y = -1},
    {.bitmap_index = 12228, .adv_w = 256, .box_w = 14, .box_h = 14, .ofs_x = 1, .ofs_y = -1},
    {.bitmap_index = 12253, .adv_w = 256, .box_w = 14, .box_h = 14, .ofs_x = 1, .ofs_y = -1},
    {.bitmap_index = 12278, .adv_w = 256, .box_w = 13, .box_h = 15, .ofs_x = 2, .ofs_y = -1},
    {.bitmap_index = 12303, .adv_w = 256, .box_w = 13, .box_h = 15, .ofs_x = 1, .ofs_y = -1},
    {.bitmap_index = 12328, .adv_w = 256, .box_w = 13, .box_h = 15, .ofs_x = 2, .ofs_y = -1},
    {.bitmap_index = 12353, .adv_w = 256, .box_w = 13, .box_h = 15, .ofs_x = 2, .ofs_y = -1},
    {.bitmap_index = 12378, .adv_w = 256, .box_w = 14, .box_h = 15, .ofs_x = 1, .ofs_y = -1},
    {.bitmap_index = 12405, .adv_w = 256, .box_w = 14, .box_h = 14, .ofs_x = 1, .ofs_y = -1},
    {.bitmap_index = 12430, .adv_w = 256, .box_w = 14, .box_h = 14, .ofs_x = 2, .ofs_y = -1},
    {.bitmap_index = 12455, .adv_w = 256, .box_w = 14, .box_h = 15, .ofs_x = 1, .ofs_y = -1},
    {.bitmap_index = 12482, .adv_w = 256, .box_w = 14, .box_h = 14, .ofs_x = 1, .ofs_y = -1},
    {.bitmap_index = 12507, .adv_w = 256, .box_w = 14, .box_h = 15, .ofs_x = 1, .ofs_y = -1},
    {.bitmap_index = 12534, .adv_w = 256, .box_w = 14, .box_h = 14, .ofs_x = 1, .ofs_y = -1},
    {.bitmap_index = 12559, .adv_w = 256, .box_w = 15, .box_h = 14, .ofs_x = 1, .ofs_y = -1},
    {.bitmap_index = 12586, .adv_w = 256, .box_w = 15, .box_h = 14, .ofs_x = 1, .ofs_y = -1},
    {.bitmap_index = 12613, .adv_w = 256, .box_w = 14, .box_h = 14, .ofs_x = 1, .ofs_y = -1},
    {.bitmap_index = 12638, .adv_w = 256, .box_w = 14, .box_h = 15, .ofs_x = 1, .ofs_y = -1},
    {.bitmap_index = 12665, .adv_w = 256, .box_w = 14, .box_h = 15, .ofs_x = 1, .ofs_y = -2},
    {.bitmap_index = 12692, .adv_w = 256, .box_w = 14, .box_h = 14, .ofs_x = 1, .ofs_y = -1},
    {.bitmap_index = 12717, .adv_w = 256, .box_w = 15, .box_h = 15, .ofs_x = 0, .ofs_y = -2},
    {.bitmap_index = 12746, .adv_w = 256, .box_w = 14, .box_h = 14, .ofs_x = 1, .ofs_y = -1},
    {.bitmap_index = 12771, .adv_w = 256, .box_w = 14, .box_h = 14, .ofs_x = 1, .ofs_y = -1},
    {.bitmap_index = 12796, .adv_w = 256, .box_w = 15, .box_h = 14, .ofs_x = 1, .ofs_y = -1},
    {.bitmap_index = 12823, .adv_w = 256, .box_w = 15, .box_h = 14, .ofs_x = 1, .ofs_y = -1},
    {.bitmap_index = 12850, .adv_w = 256, .box_w = 14, .box_h = 14, .ofs_x = 1, .ofs_y = -1},
    {.bitmap_index = 12875, .adv_w = 256, .box_w = 14, .box_h = 15, .ofs_x = 1, .ofs_y = -2},
    {.bitmap_index = 12902, .adv_w = 256, .box_w = 14, .box_h = 14, .ofs_x = 1, .ofs_y = -1},
    {.bitmap_index = 12927, .adv_w = 256, .box_w = 15, .box_h = 14, .ofs_x = 1, .ofs_y = -1},
    {.bitmap_index = 12954, .adv_w = 256, .box_w = 15, .box_h = 14, .ofs_x = 1, .ofs_y = -1},
    {.bitmap_index = 12981, .adv_w = 256, .box_w = 14, .box_h = 15, .ofs_x = 1, .ofs_y = -1},
    {.bitmap_index = 13008, .adv_w = 256, .box_w = 14, .box_h = 14, .ofs_x = 1, .ofs_y = -1},
    {.bitmap_index = 13033, .adv_w = 256, .box_w = 16, .box_h = 14, .ofs_x = 0, .ofs_y = -1},
    {.bitmap_index = 13061, .adv_w = 256, .box_w = 14, .box_h = 15, .ofs_x = 1, .ofs_y = -1},
    {.bitmap_index = 13088, .adv_w = 256, .box_w = 4, .box_h = 16, .ofs_x = 11, .ofs_y = -2},
    {.bitmap_index = 13096, .adv_w = 256, .box_w = 4, .box_h = 16, .ofs_x = 1, .ofs_y = -2},
    {.bitmap_index = 13104, .adv_w = 256, .box_w = 4, .box_h = 5, .ofs_x = 1, .ofs_y = -1},
    {.bitmap_index = 13107, .adv_w = 256, .box_w = 2, .box_h = 10, .ofs_x = 3, .ofs_y = 0},
    {.bitmap_index = 13110, .adv_w = 256, .box_w = 2, .box_h = 13, .ofs_x = 3, .ofs_y = -3}
};

/*---------------------
 *  CHARACTER MAPPING
 *--------------------*/

static const uint16_t unicode_list_1[] = {
    0x0, 0x7, 0x2f51, 0x2f52, 0x4d50, 0x4d5a, 0x4d5b, 0x4d5d,
    0x4d5e, 0x4d64, 0x4d6a, 0x4d72, 0x4d74, 0x4d7a, 0x4d7d, 0x4d82,
    0x4d8a, 0x4d8b, 0x4d95, 0x4d99, 0x4daf, 0x4dc1, 0x4dd6, 0x4ddb,
    0x4ddc, 0x4dde, 0x4de1, 0x4dfe, 0x4e15, 0x4e26, 0x4e34, 0x4e46,
    0x4e4b, 0x4e70, 0x4e9d, 0x4ea3, 0x4ea5, 0x4ea9, 0x4eac, 0x4eb0,
    0x4edb, 0x4ef7, 0x4f2d, 0x4f31, 0x4f8c, 0x4f9f, 0x4ff8, 0x5093,
    0x5095, 0x5098, 0x5099, 0x509d, 0x50b5, 0x50b8, 0x50c3, 0x50c6,
    0x50c7, 0x50d5, 0x50dc, 0x50dd, 0x50e9, 0x5102, 0x5103, 0x511f,
    0x514a, 0x5156, 0x5162, 0x5167, 0x5169, 0x516b, 0x516d, 0x5174,
    0x5180, 0x5186, 0x5187, 0x518b, 0x519d, 0x51a4, 0x51ef, 0x51f0,
    0x51f1, 0x51f8, 0x5202, 0x520f, 0x5255, 0x5266, 0x528a, 0x529f,
    0x52a5, 0x52b0, 0x52b1, 0x52b7, 0x52d5, 0x52d6, 0x52ef, 0x530b,
    0x5312, 0x531c, 0x531d, 0x5321, 0x5326, 0x5327, 0x5328, 0x5333,
    0x533f, 0x5340, 0x5342, 0x5343, 0x5347, 0x5354, 0x5358, 0x535c,
    0x535d, 0x535e, 0x5361, 0x5376, 0x537b, 0x537c, 0x537f, 0x539a,
    0x53b8, 0x53cd, 0x53dc, 0x5418, 0x55b8, 0x562e, 0x5644, 0x564a,
    0x564e, 0x5678, 0x5680, 0x568a, 0x5690, 0x56a7, 0x56db, 0x572f,
    0x57ae, 0x57bb, 0x57d3, 0x5840, 0x5854, 0x5857, 0x585d, 0x5866,
    0x586a, 0x586c, 0x586f, 0x5877, 0x5879, 0x5881, 0x5884, 0x58a7,
    0x58cd, 0x58d2, 0x591b, 0x5aa0, 0x5aa7, 0x5aa8, 0x5adc, 0x5aea,
    0x5aee, 0x5af2, 0x5af4, 0x5b09, 0x5b48, 0x5b49, 0x5b4c, 0x5b54,
    0x5b5f, 0x5b61, 0x5b64, 0x5b6d, 0x5b8a, 0x5b8e, 0x5b90, 0x5c9c,
    0x5d35, 0x5d36, 0x5d41, 0x5d42, 0x5d53, 0x5d5c, 0x5d68, 0x5d77,
    0x5d88, 0x5dc3, 0x5dc6, 0x5dcf, 0x5ddf, 0x5de4, 0x5de5, 0x5df6,
    0x5e4a, 0x5e50, 0x5e53, 0x5e5f, 0x5e65, 0x5e8a, 0x5ea3, 0x5ea5,
    0x5eb2, 0x5ec1, 0x5ed0, 0x5f13, 0x5f15, 0x5f27, 0x5f51, 0x5f6d,
    0x5f77, 0x5f8b, 0x5fbf, 0x606f, 0x60b2, 0x6160, 0x6166, 0x6187,
    0x6190, 0x6191, 0x6197, 0x619b, 0x61ce, 0x61e8, 0x61f5, 0x6216,
    0x622f, 0x6239, 0x6251, 0x6252, 0x6257, 0x6259, 0x62b2, 0x62be,
    0x62e2, 0x62f2, 0x62f5, 0x62f7, 0x6397, 0x63fd, 0x647f, 0x6486,
    0x6489, 0x648e, 0x6498, 0x64c0, 0x64c4, 0x64d7, 0x64fd, 0x6500,
    0x6509, 0x6530, 0x6535, 0x6537, 0x6546, 0x655e, 0x6570, 0x657f,
    0x658e, 0x65bf, 0x65d2, 0x6604, 0x6644, 0x6650, 0x6659, 0x665d,
    0x666f, 0x667a, 0x667b, 0x667c, 0x668a, 0x66b1, 0x66cf, 0x66d4,
    0x66e0, 0x66ec, 0x6735, 0x6741, 0x6757, 0x6771, 0x6787, 0x6788,
    0x678c, 0x67b3, 0x6810, 0x6971, 0x6a71, 0x6ab2, 0x6ab3, 0x6ab4,
    0x6ab5, 0x6b05, 0x6b1f, 0x6b24, 0x6b3b, 0x6b88, 0x6bf1, 0x6c14,
    0x6c25, 0x6c32, 0x6c38, 0x6c8b, 0x6c91, 0x6c9b, 0x6cbe, 0x6cd8,
    0x6d4b, 0x6d55, 0x6d79, 0x6dcf, 0x6de0, 0x6df2, 0x6e21, 0x6e31,
    0x6e5f, 0x6e64, 0x6fbf, 0x7009, 0x70b7, 0x7197, 0x7198, 0x7206,
    0x723c, 0x72ff, 0x7300, 0x7356, 0x7478, 0x7481, 0x7485, 0x749c,
    0x74a9, 0x75cd, 0x75d4, 0x7621, 0x7626, 0x7628, 0x763e, 0x7644,
    0x766f, 0x7670, 0x76b1, 0x7735, 0x7751, 0x7764, 0x77be, 0x788a,
    0x790b, 0x7922, 0x794b, 0x795b, 0x79ca, 0x79d1, 0x79e7, 0x7a3f,
    0x7a76, 0x7a7c, 0x7a99, 0x7ad0, 0x7af1, 0x7bcb, 0x7be8, 0x7c4b,
    0x7df2, 0x7e0f, 0x7e14, 0x7e1f, 0x7e21, 0x7e23, 0x7e29, 0x7e2c,
    0x7e2f, 0x7e4f, 0x7e63, 0x7e66, 0x7ea1, 0x7ebe, 0x7ec2, 0x7f67,
    0x7f9c, 0x7fa4, 0x804d, 0x813a, 0x81c2, 0x81d2, 0x8235, 0x8253,
    0x8307, 0x838d, 0x842d, 0x879c, 0x87b8, 0x87fb, 0x88d1, 0x88d6,
    0x8911, 0x8912, 0x8933, 0x8936, 0x8ab6, 0x8af1, 0x8af4, 0x8afe,
    0x8b00, 0x8b0e, 0x8b25, 0x8b44, 0x8b4b, 0x8b53, 0x8bb1, 0x8c6f,
    0x8c73, 0x8c75, 0x8cc7, 0x8cd5, 0x8cda, 0x8cdb, 0x8d21, 0x8d3f,
    0x8d43, 0x8d72, 0x8ebc, 0x8ecb, 0x8ee1, 0x8ee3, 0x8f0e, 0x8f17,
    0x8f20, 0x8f2b, 0x8f2e, 0x8f47, 0x8f51, 0x8f59, 0x8f60, 0x8f64,
    0x8f6a, 0x8f6f, 0x8f8b, 0x8fcf, 0x9038, 0x911c, 0x911d, 0x911f,
    0x93ef, 0x93fe, 0x9469, 0x947e, 0x94cf, 0x953d, 0x9542, 0x9544,
    0x9555, 0x9582, 0x958b, 0x95a0, 0x95b4, 0x95e4, 0x9616, 0x9650,
    0x96a9, 0x96ae, 0x96b2, 0x9743, 0x97c5, 0x97c9, 0x97ca, 0x97cb,
    0x97d4, 0x97e8, 0x981e, 0x9860, 0x98d8, 0x98e6, 0x99c1, 0x99dc,
    0x9a28, 0x9e21, 0x9e28, 0x9ea0, 0xfe58, 0xfe59, 0xfe5c, 0xfe6a,
    0xfe6b
};

/*Collect the unicode lists and glyph_id offsets*/
static const lv_font_fmt_txt_cmap_t cmaps[] =
{
    {
        .range_start = 32, .range_length = 95, .glyph_id_start = 1,
        .unicode_list = NULL, .glyph_id_ofs_list = NULL, .list_length = 0, .type = LV_FONT_FMT_TXT_CMAP_FORMAT0_TINY
    },
    {
        .range_start = 176, .range_length = 65132, .glyph_id_start = 96,
        .unicode_list = unicode_list_1, .glyph_id_ofs_list = NULL, .list_length = 481, .type = LV_FONT_FMT_TXT_CMAP_SPARSE_TINY
    }
};

/*-----------------
 *    KERNING
 *----------------*/


/*Map glyph_ids to kern left classes*/
static const uint8_t kern_left_class_mapping[] =
{
    0, 0, 0, 1, 0, 0, 0, 0,
    1, 2, 0, 0, 0, 3, 4, 3,
    5, 0, 0, 0, 0, 0, 0, 0,
    0, 0, 0, 6, 6, 0, 0, 0,
    0, 0, 7, 8, 9, 10, 11, 12,
    13, 0, 0, 14, 15, 16, 0, 0,
    10, 17, 10, 18, 19, 20, 21, 22,
    23, 24, 25, 26, 2, 27, 0, 0,
    0, 0, 28, 29, 30, 0, 31, 32,
    33, 34, 0, 0, 35, 36, 34, 34,
    29, 29, 37, 38, 39, 40, 37, 41,
    42, 43, 44, 45, 2, 0, 0, 0,
    0, 0, 0, 0, 0, 0, 0, 0,
    0, 0, 0, 0, 0, 0, 0, 0,
    0, 0, 0, 0, 0, 0, 0, 0,
    0, 0, 0, 0, 0, 0, 0, 0,
    0, 0, 0, 0, 0, 0, 0, 0,
    0, 0, 0, 0, 0, 0, 0, 0,
    0, 0, 0, 0, 0, 0, 0, 0,
    0, 0, 0, 0, 0, 0, 0, 0,
    0, 0, 0, 0, 0, 0, 0, 0,
    0, 0, 0, 0, 0, 0, 0, 0,
    0, 0, 0, 0, 0, 0, 0, 0,
    0, 0, 0, 0, 0, 0, 0, 0,
    0, 0, 0, 0, 0, 0, 0, 0,
    0, 0, 0, 0, 0, 0, 0, 0,
    0, 0, 0, 0, 0, 0, 0, 0,
    0, 0, 0, 0, 0, 0, 0, 0,
    0, 0, 0, 0, 0, 0, 0, 0,
    0, 0, 0, 0, 0, 0, 0, 0,
    0, 0, 0, 0, 0, 0, 0, 0,
    0, 0, 0, 0, 0, 0, 0, 0,
    0, 0, 0, 0, 0, 0, 0, 0,
    0, 0, 0, 0, 0, 0, 0, 0,
    0, 0, 0, 0, 0, 0, 0, 0,
    0, 0, 0, 0, 0, 0, 0, 0,
    0, 0, 0, 0, 0, 0, 0, 0,
    0, 0, 0, 0, 0, 0, 0, 0,
    0, 0, 0, 0, 0, 0, 0, 0,
    0, 0, 0, 0, 0, 0, 0, 0,
    0, 0, 0, 0, 0, 0, 0, 0,
    0, 0, 0, 0, 0, 0, 0, 0,
    0, 0, 0, 0, 0, 0, 0, 0,
    0, 0, 0, 0, 0, 0, 0, 0,
    0, 0, 0, 0, 0, 0, 0, 0,
    0, 0, 0, 0, 0, 0, 0, 0,
    0, 0, 0, 0, 0, 0, 0, 0,
    0, 0, 0, 0, 0, 0, 0, 0,
    0, 0, 0, 0, 0, 0, 0, 0,
    0, 0, 0, 0, 0, 0, 0, 0,
    0, 0, 0, 0, 0, 0, 0, 0,
    0, 0, 0, 0, 0, 0, 0, 0,
    0, 0, 0, 0, 0, 0, 0, 0,
    0, 0, 0, 0, 0, 0, 0, 0,
    0, 0, 0, 0, 0, 0, 0, 0,
    0, 0, 0, 0, 0, 0, 0, 0,
    0, 0, 0, 0, 0, 0, 0, 0,
    0, 0, 0, 0, 0, 0, 0, 0,
    0, 0, 0, 0, 0, 0, 0, 0,
    0, 0, 0, 0, 0, 0, 0, 0,
    0, 0, 0, 0, 0, 0, 0, 0,
    0, 0, 0, 0, 0, 0, 0, 0,
    0, 0, 0, 0, 0, 0, 0, 0,
    0, 0, 0, 0, 0, 0, 0, 0,
    0, 0, 0, 0, 0, 0, 0, 0,
    0, 0, 0, 0, 0, 0, 0, 0,
    0, 0, 0, 0, 0, 0, 0, 0,
    0, 0, 0, 0, 0, 0, 0, 0,
    0, 0, 0, 0, 0, 0, 0, 0,
    0, 0, 0, 0, 0, 0, 0, 0,
    0, 0, 0, 0, 0, 0, 0, 0,
    0, 0, 0, 0, 0, 0, 0, 0,
    0
};

/*Map glyph_ids to kern right classes*/
static const uint8_t kern_right_class_mapping[] =
{
    0, 0, 1, 2, 0, 0, 0, 0,
    2, 0, 3, 4, 0, 5, 6, 7,
    8, 0, 0, 0, 0, 0, 0, 0,
    0, 0, 0, 9, 10, 0, 0, 0,
    11, 0, 12, 0, 13, 0, 0, 0,
    13, 0, 0, 14, 0, 0, 0, 0,
    13, 0, 13, 0, 15, 16, 17, 18,
    19, 20, 21, 22, 0, 23, 3, 0,
    0, 0, 24, 0, 25, 25, 25, 26,
    27, 0, 28, 29, 0, 0, 30, 30,
    25, 30, 25, 30, 31, 32, 33, 34,
    35, 36, 37, 38, 0, 0, 3, 0,
    0, 0, 0, 0, 0, 0, 0, 0,
    0, 0, 0, 0, 0, 0, 0, 0,
    0, 0, 0, 0, 0, 0, 0, 0,
    0, 0, 0, 0, 0, 0, 0, 0,
    0, 0, 0, 0, 0, 0, 0, 0,
    0, 0, 0, 0, 0, 0, 0, 0,
    0, 0, 0, 0, 0, 0, 0, 0,
    0, 0, 0, 0, 0, 0, 0, 0,
    0, 0, 0, 0, 0, 0, 0, 0,
    0, 0, 0, 0, 0, 0, 0, 0,
    0, 0, 0, 0, 0, 0, 0, 0,
    0, 0, 0, 0, 0, 0, 0, 0,
    0, 0, 0, 0, 0, 0, 0, 0,
    0, 0, 0, 0, 0, 0, 0, 0,
    0, 0, 0, 0, 0, 0, 0, 0,
    0, 0, 0, 0, 0, 0, 0, 0,
    0, 0, 0, 0, 0, 0, 0, 0,
    0, 0, 0, 0, 0, 0, 0, 0,
    0, 0, 0, 0, 0, 0, 0, 0,
    0, 0, 0, 0, 0, 0, 0, 0,
    0, 0, 0, 0, 0, 0, 0, 0,
    0, 0, 0, 0, 0, 0, 0, 0,
    0, 0, 0, 0, 0, 0, 0, 0,
    0, 0, 0, 0, 0, 0, 0, 0,
    0, 0, 0, 0, 0, 0, 0, 0,
    0, 0, 0, 0, 0, 0, 0, 0,
    0, 0, 0, 0, 0, 0, 0, 0,
    0, 0, 0, 0, 0, 0, 0, 0,
    0, 0, 0, 0, 0, 0, 0, 0,
    0, 0, 0, 0, 0, 0, 0, 0,
    0, 0, 0, 0, 0, 0, 0, 0,
    0, 0, 0, 0, 0, 0, 0, 0,
    0, 0, 0, 0, 0, 0, 0, 0,
    0, 0, 0, 0, 0, 0, 0, 0,
    0, 0, 0, 0, 0, 0, 0, 0,
    0, 0, 0, 0, 0, 0, 0, 0,
    0, 0, 0, 0, 0, 0, 0, 0,
    0, 0, 0, 0, 0, 0, 0, 0,
    0, 0, 0, 0, 0, 0, 0, 0,
    0, 0, 0, 0, 0, 0, 0, 0,
    0, 0, 0, 0, 0, 0, 0, 0,
    0, 0, 0, 0, 0, 0, 0, 0,
    0, 0, 0, 0, 0, 0, 0, 0,
    0, 0, 0, 0, 0, 0, 0, 0,
    0, 0, 0, 0, 0, 0, 0, 0,
    0, 0, 0, 0, 0, 0, 0, 0,
    0, 0, 0, 0, 0, 0, 0, 0,
    0, 0, 0, 0, 0, 0, 0, 0,
    0, 0, 0, 0, 0, 0, 0, 0,
    0, 0, 0, 0, 0, 0, 0, 0,
    0, 0, 0, 0, 0, 0, 0, 0,
    0, 0, 0, 0, 0, 0, 0, 0,
    0, 0, 0, 0, 0, 0, 0, 0,
    0, 0, 0, 0, 0, 0, 0, 0,
    0, 0, 0, 0, 0, 0, 0, 0,
    0, 0, 0, 0, 0, 0, 0, 0,
    0, 0, 0, 0, 0, 0, 0, 0,
    0, 0, 0, 0, 0, 0, 0, 0,
    0, 0, 0, 0, 0, 0, 0, 0,
    0, 0, 0, 0, 0, 0, 0, 0,
    0
};

/*Kern values between classes*/
static const int8_t kern_class_values[] =
{
    0, 0, 0, 0, -33, 0, -33, 0,
    0, 0, 0, -16, 0, -27, -3, 0,
    0, 0, 0, -3, 0, 0, 0, 0,
    -8, 0, 0, 0, 0, 0, -6, 0,
    0, 0, 0, 0, 0, 0, 0, 0,
    0, 0, 0, 0, 0, 0, 0, 0,
    0, 0, 0, -6, 0, 0, 0, 0,
    0, 0, 0, 0, 0, 0, 0, 0,
    0, 0, 23, 0, 0, 0, 0, 0,
    0, 0, 0, 0, 0, -27, 0, -39,
    0, 0, 0, 0, 0, 0, 0, 0,
    0, 0, 0, -28, -6, -19, -10, 0,
    -26, 0, 0, 0, -3, 0, 0, 0,
    7, 0, 0, -13, 0, -10, -6, 0,
    -6, 0, 0, 0, 0, 0, 0, 0,
    0, 0, 0, 0, 0, 0, 0, -6,
    -5, -14, 0, -5, -3, -8, -19, -6,
    0, 0, 0, 0, 0, 0, 0, 0,
    0, -7, 0, -2, 0, -4, 0, 0,
    0, 0, 0, 0, 0, 0, 0, 0,
    0, 0, 0, -12, -3, -23, 0, 0,
    0, 0, 0, 0, 0, 0, 0, -7,
    -9, 0, -3, 7, 7, 0, 0, 3,
    -6, 0, 0, 0, 0, 0, 0, 0,
    0, -14, 0, 0, 0, 0, 0, 0,
    0, 0, 0, 0, 0, 0, 0, 0,
    0, 0, -7, 0, 0, 0, 0, 0,
    0, 0, 1, 0, 0, 0, 0, 0,
    0, 0, 0, 0, 0, -16, 0, -27,
    0, 0, 0, 0, 0, 0, -7, -2,
    -3, 0, 0, -16, -4, -4, 0, 1,
    -4, -2, -12, 7, 0, -3, 0, 0,
    0, 0, 7, -4, -2, -2, -1, -1,
    -2, 0, 0, 0, 0, -9, 0, 0,
    0, 0, 0, 0, 0, 0, 0, -5,
    -4, -7, 0, -2, -1, -1, -4, -1,
    0, 0, 0, 0, 0, 0, 0, 0,
    0, -3, 0, -4, -3, -3, -4, 0,
    0, 0, 0, 0, 0, -7, 0, 0,
    0, 0, 0, 0, -8, -3, -7, -5,
    -4, -1, -1, -1, -2, -3, 0, 0,
    0, 0, -6, 0, 0, 0, 0, -8,
    -3, -4, -3, 0, -4, 0, 0, 0,
    0, -10, 0, 0, 0, -5, 0, 0,
    0, -3, 0, -11, 0, -7, 0, -3,
    -2, -5, -6, -6, 0, 0, 0, 0,
    0, 0, 0, 0, 0, 0, 0, 0,
    0, -4, 0, -2, 0, 0, 0, 0,
    0, 0, 0, 0, 0, 0, 0, 0,
    0, 0, 0, 0, 0, 0, 0, 0,
    0, 0, 0, 0, -3, 0, 0, 0,
    0, 0, 0, -7, 0, -3, 0, -9,
    -3, 0, 0, 0, 0, 0, -21, 0,
    -21, -20, 0, 0, 0, -11, -3, -40,
    -6, 0, 0, 1, 1, -7, 0, -9,
    0, -10, -4, 0, -7, 0, 0, -6,
    -6, -3, -5, -6, -5, -7, -5, -8,
    0, 0, 0, -8, 0, 0, 0, 0,
    0, 0, 0, -1, 0, 0, 0, -6,
    0, -4, -1, 0, 0, 0, 0, 0,
    0, 0, 0, 0, 0, 0, 0, 0,
    0, 0, 0, 0, 0, 0, 0, 0,
    0, 0, -7, 0, -7, 0, 0, 0,
    0, 0, 0, -12, 0, 0, 0, 0,
    0, 0, 0, 0, 0, 0, 0, 0,
    0, 0, 0, 0, 0, 0, 0, 0,
    0, 0, 0, 0, 0, -6, 0, -12,
    0, -8, 0, 0, 0, 0, -2, -3,
    -6, 0, -3, -5, -4, -4, -3, 0,
    -5, 0, 0, 0, -2, 0, 0, 0,
    -3, 0, 0, -9, -4, -6, -5, -5,
    -6, -4, 0, -25, 0, -44, 0, -15,
    0, 0, 0, 0, -9, 1, -7, 0,
    -6, -34, -8, -22, -16, 0, -22, 0,
    -23, 0, -3, -4, -1, 0, 0, 0,
    0, -6, -3, -10, -10, 0, -10, 0,
    0, 0, 0, 0, -32, -9, -32, -22,
    0, 0, 0, -14, 0, -42, -3, -7,
    0, 0, 0, -7, -3, -22, 0, -12,
    -7, 0, -9, 0, 0, 0, -3, 0,
    0, 0, 0, -4, 0, -6, 0, 0,
    0, -3, 0, -9, 0, 0, 0, 0,
    0, -1, 0, -5, -4, -4, 0, 2,
    2, -1, 0, -3, 0, -1, -3, 0,
    -1, 0, 0, 0, 0, 0, 0, 0,
    0, -2, 0, -2, 0, 0, 0, -5,
    0, 4, 0, 0, 0, 0, 0, 0,
    0, -4, -4, -6, 0, 0, 0, 0,
    -4, 0, 0, 0, 0, 0, 0, 0,
    0, 0, 0, -7, 0, 0, 0, 0,
    0, 0, 0, 0, 0, 0, -30, -21,
    -30, -26, -6, -6, 0, -12, -7, -36,
    -11, 0, 0, 0, 0, -6, -4, -15,
    0, -21, -19, -5, -21, 0, 0, -13,
    -17, -5, -13, -9, -10, -11, -9, -22,
    0, 0, 0, 0, -5, 0, -5, -9,
    0, 0, 0, -5, 0, -14, -3, 0,
    0, -1, 0, -3, -4, 0, 0, -1,
    0, 0, -3, 0, 0, 0, -1, 0,
    0, 0, 0, -2, 0, 0, 0, 0,
    0, 0, -19, -5, -19, -13, 0, 0,
    0, -4, -3, -21, -3, 0, -3, 3,
    0, 0, 0, -5, 0, -6, -4, 0,
    -6, 0, 0, -6, -4, 0, -9, -3,
    -3, -4, -3, -7, 0, 0, 0, 0,
    -10, -3, -10, -8, 0, 0, 0, 0,
    -2, -19, -2, 0, 0, 0, 0, 0,
    0, -2, 0, -5, 0, 0, -4, 0,
    0, 0, 0, 0, 0, 0, 0, 0,
    0, -3, 0, -3, 0, -3, 0, -8,
    0, 0, 0, 0, 0, 1, -5, 0,
    -4, -6, -3, 0, 0, 0, 0, 0,
    0, -3, -2, -5, 0, 0, 0, 0,
    0, -5, -3, -5, -4, -3, -5, -4,
    0, 0, 0, 0, -26, -19, -26, -19,
    -7, -7, -2, -4, -4, -29, -5, -4,
    -3, 0, 0, 0, 0, -7, 0, -19,
    -12, 0, -17, 0, 0, -12, -12, -8,
    -10, -4, -7, -10, -4, -14, 0, 0,
    0, 0, 0, -10, 0, 0, 0, 0,
    0, -2, -6, -9, -9, 0, -3, -2,
    -2, 0, -4, -5, 0, -5, -6, -6,
    -4, 0, 0, 0, 0, -4, -7, -5,
    -5, -7, -5, 0, 0, 0, 0, 0,
    0, 0, 0, 0, 0, 0, 0, 0,
    0, 0, 0, -25, -8, -15, -8, 0,
    -21, 0, 0, 0, 0, 0, 9, 0,
    21, 0, 0, 0, 0, -6, -3, 0,
    4, 0, 0, 0, 0, -15, 0, 0,
    0, 0, 0, 0, -4, 0, 0, 0,
    0, -7, 0, -5, -1, 0, -7, 0,
    0, 0, 0, 0, 0, 0, 0, 0,
    0, -4, 0, 0, 0, 0, 0, 0,
    0, -8, 0, -7, -3, 2, -3, 0,
    0, 0, -4, 0, 0, 0, 0, -16,
    0, -5, 0, -1, -13, 0, -7, -4,
    0, 0, 0, 0, 0, 0, 0, -5,
    0, -1, -1, -5, -1, -2, 0, 0,
    0, 0, 0, -6, 0, 0, 0, 0,
    0, 0, 0, 0, 0, -6, 0, -4,
    0, 0, -7, 0, 0, -3, -6, 0,
    -3, 0, 0, 0, 0, -3, 0, 2,
    2, 2, 2, 0, 0, 0, 0, -10,
    0, 3, 0, 0, 0, 0, -2, 0,
    0, -6, -6, -7, 0, -5, -3, 0,
    -7, 0, -6, -4, 0, 0, -3, 0,
    0, 0, 0, -3, 0, 1, 1, -2,
    1, 0, 4, 12, 14, 0, -14, -4,
    -14, -4, 0, 0, 7, 0, 0, 0,
    0, 13, 0, 19, 13, 9, 17, 0,
    18, -6, -3, 0, -4, 0, -3, 0,
    -1, 0, 0, 4, 0, -1, 0, -4,
    0, 0, 4, -9, 0, 0, 0, 14,
    0, 0, -10, 0, 0, 0, 0, -7,
    0, 0, 0, 0, -4, 0, 0, -5,
    -4, 0, 0, 0, 10, 0, 0, 0,
    0, -1, -1, 0, 4, -4, 0, 0,
    0, -10, 0, 0, 0, 0, 0, 0,
    -2, 0, 0, 0, 0, -7, 0, -3,
    0, 0, -5, 0, 0, 0, 0, 0,
    0, 0, 0, 0, 0, 0, 0, 0,
    0, 0, 0, 0, 0, 0, 0, -6,
    4, -13, 4, 0, 4, 4, -4, 0,
    0, 0, 0, -10, 0, 0, 0, 0,
    -3, 0, 0, -3, -5, 0, -3, 0,
    -3, 0, 0, -6, -4, 0, 0, -2,
    0, -2, 0, 0, 0, 0, 0, 0,
    0, 0, 0, 0, 0, 0, 0, 0,
    0, 0, 0, 0, 0, 0, 0, 0,
    0, 0, 0, 0, 0, 0, 2, 0,
    0, 0, 0, 0, 0, 0, 0, 0,
    0, 0, 0, -7, 0, 0, 0, 0,
    0, 0, 0, 0, 0, 0, 0, -6,
    0, -4, 0, 0, -9, 0, 0, 0,
    0, 0, 0, 0, 0, 0, 0, 0,
    0, 0, 0, 0, 0, 0, 0, 0,
    0, 0, -16, -7, -16, -10, 7, 7,
    0, -4, 0, -16, 0, 0, 0, 0,
    0, 0, 0, -3, 4, -7, -3, 0,
    -3, 0, 0, 0, -1, 0, 0, 7,
    5, 0, 7, -1, 0, 0, 0, -14,
    0, 3, 0, 0, 0, 0, -3, 0,
    0, 0, 0, -7, 0, -3, 0, 0,
    -6, 0, 0, 0, 0, 0, 0, 0,
    0, 0, 0, -6, 0, 0, 0, 0,
    0, 0, 0, 0, 0, 0, 2, -7,
    2, 3, 4, 4, -7, 0, 0, 0,
    0, -4, 0, 0, 0, 0, -1, 0,
    0, -6, -4, 0, -3, 0, 0, 0,
    -3, -6, 0, 0, 0, -5, 0, 0,
    0, 0, 0, -3, -10, -2, -10, -6,
    0, 0, 0, -3, 0, -12, 0, -6,
    0, -3, 0, 0, -4, -3, 0, -6,
    -1, 0, 0, 0, -3, 0, 0, 0,
    0, 0, 0, 0, 0, -7, 0, 0,
    0, -3, -12, 0, -12, -2, 0, 0,
    0, -1, 0, -9, 0, -7, 0, -3,
    0, -4, -7, 0, 0, -3, -1, 0,
    0, 0, -3, 0, 0, 0, 0, 0,
    0, 0, 0, -5, -4, 0, 0, -6,
    2, -4, -2, 0, 0, 2, 0, 0,
    -3, 0, -1, -9, 0, -4, 0, -3,
    -10, 0, 0, -3, -5, 0, 0, 0,
    0, 0, 0, -7, 0, 0, 0, 0,
    0, 0, 0, 0, 0, 0, -10, 0,
    -10, -4, 0, 0, 0, 0, 0, -12,
    0, -6, 0, -1, 0, -1, -2, 0,
    0, -6, -1, 0, 0, 0, -3, 0,
    0, 0, 0, 0, 0, -4, 0, -7,
    0, 0, 0, 0, 0, -5, 0, 0,
    0, 0, 0, 0, 0, 0, 0, -7,
    0, 0, 0, 0, -8, 0, 0, -7,
    -3, 0, -2, 0, 0, 0, 0, 0,
    -3, -1, 0, 0, -1, 0
};


/*Collect the kern class' data in one place*/
static const lv_font_fmt_txt_kern_classes_t kern_classes =
{
    .class_pair_values   = kern_class_values,
    .left_class_mapping  = kern_left_class_mapping,
    .right_class_mapping = kern_right_class_mapping,
    .left_class_cnt      = 45,
    .right_class_cnt     = 38,
};

/*--------------------
 *  ALL CUSTOM DATA
 *--------------------*/

#if LVGL_VERSION_MAJOR == 8
/*Store all the custom data of the font*/
static  lv_font_fmt_txt_glyph_cache_t cache;
#endif

#if LVGL_VERSION_MAJOR >= 8
static const lv_font_fmt_txt_dsc_t font_dsc = {
#else
static lv_font_fmt_txt_dsc_t font_dsc = {
#endif
    .glyph_bitmap = glyph_bitmap,
    .glyph_dsc = glyph_dsc,
    .cmaps = cmaps,
    .kern_dsc = &kern_classes,
    .kern_scale = 16,
    .cmap_num = 2,
    .bpp = 1,
    .kern_classes = 1,
    .bitmap_format = 0,
#if LVGL_VERSION_MAJOR == 8
    .cache = &cache
#endif
};



/*-----------------
 *  PUBLIC FONT
 *----------------*/

/*Initialize a public general font descriptor*/
#if LVGL_VERSION_MAJOR >= 8
const lv_font_t ui_font_Font1 = {
#else
lv_font_t ui_font_Font1 = {
#endif
    .get_glyph_dsc = lv_font_get_glyph_dsc_fmt_txt,    /*Function pointer to get glyph's data*/
    .get_glyph_bitmap = lv_font_get_bitmap_fmt_txt,    /*Function pointer to get glyph's bitmap*/
    .line_height = 19,          /*The maximum line height required by the font*/
    .base_line = 5,             /*Baseline measured from the bottom of the line*/
#if !(LVGL_VERSION_MAJOR == 6 && LVGL_VERSION_MINOR == 0)
    .subpx = LV_FONT_SUBPX_NONE,
#endif
#if LV_VERSION_CHECK(7, 4, 0) || LVGL_VERSION_MAJOR >= 8
    .underline_position = -2,
    .underline_thickness = 1,
#endif
    .dsc = &font_dsc,          /*The custom font data. Will be accessed by `get_glyph_bitmap/dsc` */
#if LV_VERSION_CHECK(8, 2, 0) || LVGL_VERSION_MAJOR >= 9
    .fallback = NULL,
#endif
    .user_data = NULL,
};



#endif /*#if UI_FONT_FONT1*/

